西城,大栅栏、椿树、天桥学区,北京第一实验小学,椿树园,1998,507,18
西城,大栅栏、椿树、天桥学区,北京第一实验小学,庄胜二期,2004,336,4
西城,大栅栏、椿树、天桥学区,北京第一实验小学,海格国际,2003,772,1
西城,大栅栏、椿树、天桥学区,北京第一实验小学,四合上院,2011,819,5
西城,大栅栏、椿树、天桥学区,北京第一实验小学,宣武门外东大街,1979,358,6
西城,大栅栏、椿树、天桥学区,北京第一实验小学,富卓花园,2003,719,3
西城,大栅栏、椿树、天桥学区,北京第一实验小学,厂甸11号院,1980,197,2
西城,大栅栏、椿树、天桥学区,北京第一实验小学,南柳巷,1987,454,19
西城,大栅栏、椿树、天桥学区,北京第一实验小学,宣武门外东里,1980,589,3
西城,大栅栏、椿树、天桥学区,北京第一实验小学,梁家园东胡同甲1号院,1985,668,1
西城,大栅栏、椿树、天桥学区,北京第一实验小学,前门西大街,1970,361,2
西城,大栅栏、椿树、天桥学区,北京市西城区香厂路小学,天桥北里,2002,539,8
西城,大栅栏、椿树、天桥学区,北京市西城区香厂路小学,虎坊路小区,1955,873,29
西城,大栅栏、椿树、天桥学区,北京市西城区香厂路小学,永安路小区,1955,507,4
西城,大栅栏、椿树、天桥学区,北京市西城区香厂路小学,华仁路小区,1979,258,5
西城,大栅栏、椿树、天桥学区,北京市西城区香厂路小学,北纬路49号院,1980,671,3
西城,大栅栏、椿树、天桥学区,北京市西城区香厂路小学,万明路18号院,1989,276,1
西城,大栅栏、椿树、天桥学区,北京市西城区新世纪实验小学,天桥南里,1999,475,2
西城,大栅栏、椿树、天桥学区,北京市西城区新世纪实验小学,东经路19号院,1982,239,3
西城,大栅栏、椿树、天桥学区,北京市西城区新世纪实验小学,禄长街头条19号院,1976,550,2
西城,大栅栏、椿树、天桥学区,北京市西城区新世纪实验小学,盛景嘉园,2004,318,2
西城,大栅栏、椿树、天桥学区,北京市育才学校小学部,畅柳园,2002,962,9
西城,大栅栏、椿树、天桥学区,北京市育才学校小学部,朱雀门,2004,380,23
西城,大栅栏、椿树、天桥学区,北京市育才学校小学部,南华东街2号院,1964,787,1
西城,大栅栏、椿树、天桥学区,北京市育才学校小学部,耕天下,2003,528,7
西城,大栅栏、椿树、天桥学区,北京市育才学校小学部,永内西街北里,1982,458,5
西城,大栅栏、椿树、天桥学区,北京市育才学校小学部,太平街5号楼,1980,689,1
西城,大栅栏、椿树、天桥学区,北京市育才学校小学部,太平街甲乙18号院,1982,509,3
西城,德胜学区,北京第二实验小学德胜校区,安德馨居,2003,86,10
西城,德胜学区,北京第二实验小学德胜校区,新明胡同,1980,966,10
西城,德胜学区,北京第二实验小学德胜校区,教场口9号院,2003,343,7
西城,德胜学区,北京第二实验小学德胜校区,安德路,1979,984,10
西城,德胜学区,北京第二实验小学德胜校区,大井胡同,1989,319,2
西城,德胜学区,北京第二实验小学德胜校区,教场口6号院,2003,160,5
西城,德胜学区,北京第二实验小学德胜校区,人定湖西里,1958,794,18
西城,德胜学区,北京第二实验小学德胜校区,小市口胡同3号院,1992,275,5
西城,德胜学区,北京第二实验小学德胜校区,德外大街乙12号院,1979,1132,9
西城,德胜学区,北京第二实验小学德胜校区,教场口街2号院,2000,288,2
西城,德胜学区,北京第二实验小学德胜校区,塔院胡同12号院,1983,559,8
西城,德胜学区,北京市西城区师范学校附属小学,阳光丽景,2003,993,7
西城,德胜学区,北京市西城区师范学校附属小学,六铺炕一区,1976,151,13
西城,德胜学区,北京市西城区师范学校附属小学,六铺炕二区,1950,157,44
西城,德胜学区,北京市西城区师范学校附属小学,六铺炕三区,1952,476,23
西城,德胜学区,北京市西城区五路通小学,双旗杆东里,1974,816,17
西城,德胜学区,北京市西城区五路通小学,黄寺大街24号院,1981,249,20
西城,德胜学区,北京市西城区五路通小学,什坊街,1965,215,6
西城,德胜学区,北京市西城区五路通小学,文联宿舍,1992,840,4
西城,德胜学区,北京市西城区五路通小学,北广家园,2003,106,2
西城,德胜学区,北京市西城区五路通小学,北三环中路,1979,763,2
西城,德胜学区,北京市西城区五路通小学,北三环中路12号院,1980,815,3
西城,德胜学区,北京市西城区五路通小学,盛晖嘉园,2009,220,1
西城,德胜学区,北京市西城区五路通小学,德外大街2号院,1997,728,1
西城,德胜学区,北京市西城区育翔小学,马甸南村,1985,1339,16
西城,德胜学区,北京市西城区育翔小学,新风南里,1977,692,17
西城,德胜学区,北京市西城区育翔小学,新德街35号院,1980,218,4
西城,德胜学区,北京市西城区育翔小学,新外大街10号院,1994,709,1
西城,德胜学区,北京市西城区育翔小学,德胜里一区,1980,318,13
西城,德胜学区,北京市西城区育翔小学,京师吉地,2011,1141,1
西城,德胜学区,北京市西城区育翔小学,新风北里,1983,1077,6
西城,德胜学区,北京市西城区育翔小学,新风街,1976,742,5
西城,德胜学区,北京市西城区育翔小学,新明嘉园,2000,594,1
西城,德胜学区,北京市西城区育翔小学,新外大街6号院,1978,1016,7
西城,德胜学区,北京市西城区育翔小学,观河锦苑,2002,455,5
西城,德胜学区,北京市西城区育翔小学,新风街甲1号,1998,1074,1
西城,德胜学区,北京市西城区育翔小学,新康街3号院,1991,433,1
西城,德胜学区,北京市西城区育翔小学,新外大街28号院,1980,374,7
西城,德胜学区,北京市西城区育翔小学,新外大街甲8号院,1976,864,20
西城,德胜学区,北京市西城区育翔小学,德胜门外大街1号院,1984,1200,2
西城,德胜学区,北京市西城区育翔小学,冰窖口胡同73号院,1983,365,4
西城,德胜学区,北京市西城区育翔小学,新外大街甲28号,1977,400,1
西城,德胜学区,北京市西城区育翔小学,新外大街甲4号院,1980,1156,3
西城,德胜学区,北京市西城区裕中小学,裕中东里,1983,433,31
西城,德胜学区,北京市西城区裕中小学,裕中西里,1980,187,30
西城,广安门内、牛街学区,北京市西城区登莱小学,白广路6号院,1955,540,16
西城,广安门内、牛街学区,北京市西城区登莱小学,南线里小区,1997,159,3
西城,广安门内、牛街学区,北京市西城区登莱小学,南线阁41号院,2000,499,2
西城,广安门内、牛街学区,北京市西城区登莱小学,南线阁9号院,2000,193,5
西城,广安门内、牛街学区,北京市西城区登莱小学,白广路7号院,1983,478,3
西城,广安门内、牛街学区,北京市西城区登莱小学,南线阁37号院,1998,304,2
西城,广安门内、牛街学区,北京市西城区登莱小学,枣林前街,1975,506,2
西城,广安门内、牛街学区,北京市西城区康乐里小学,宣武门西大街,1970,388,12
西城,广安门内、牛街学区,北京市西城区康乐里小学,感化胡同3号院,1978,650,10
西城,广安门内、牛街学区,北京市西城区康乐里小学,康乐里小区,1999,573,8
西城,广安门内、牛街学区,北京市西城区康乐里小学,三庙街,1973,597,9
西城,广安门内、牛街学区,北京市西城区康乐里小学,广安门内大街,1975,1035,1
西城,广安门内、牛街学区,北京市西城区康乐里小学,长椿街,1950,790,6
西城,广安门内、牛街学区,北京市西城区康乐里小学,思源胡同28号院,1985,855,2
西城,广安门内、牛街学区,北京市西城区康乐里小学,下斜街,1972,427,8
西城,广安门内、牛街学区,北京市宣武回民小学,牛街西里,1999,263,13
西城,广安门内、牛街学区,北京市宣武回民小学,凌云居,2000,440,2
西城,广安门内、牛街学区,北京市宣武回民小学,似海怡家,2002,147,2
西城,广安门内、牛街学区,北京市宣武回民小学,枫桦豪景二期,2003,845,2
西城,广安门内、牛街学区,北京市宣武回民小学,法源寺西里小区,1998,546,5
西城,广安门内、牛街学区,北京市宣武回民小学,南横西街,1978,495,4
西城,广安门内、牛街学区,北京市宣武回民小学,牛街18,2003,447,2
西城,广安门内、牛街学区,北京市宣武回民小学,信恒大厦,2003,162,1
西城,广安门内、牛街学区,北京市宣武回民小学,枫桦豪景一期,2002,846,2
西城,广安门内、牛街学区,北京市宣武回民小学,牛街东里,1999,362,2
西城,广安门内、牛街学区,北京市宣武回民小学,泰和嘉苑,2003,397,1
西城,广安门内、牛街学区,北京市宣武回民小学,西华经典,2000,212,1
西城,广安门内、牛街学区,北京市宣武回民小学,青春无限,2004,321,1
西城,广安门内、牛街学区,北京市宣武回民小学,祥和家苑,2004,384,1
西城,广安门内、牛街学区,北京小学走读部,西便门西里,1979,871,13
西城,广安门内、牛街学区,北京小学走读部,广益大厦,2006,211,1
西城,广安门内、牛街学区,北京小学走读部,槐柏树街北里,1979,572,9
西城,广安门内、牛街学区,北京小学走读部,槐柏树街南里,1980,383,11
西城,广安门内、牛街学区,北京小学走读部,锦上国际公寓,2007,241,1
西城,广安门内、牛街学区,北京小学走读部,西便门内大街79号院,1953,475,20
西城,广安门内、牛街学区,北京小学走读部,广信嘉园,2002,107,4
西城,广安门内、牛街学区,北京小学走读部,长椿里,1956,891,9
西城,广安门内、牛街学区,北京小学走读部,广义里小区,1970,347,13
西城,广安门内、牛街学区,北京小学走读部,报国寺东夹道1号东院,1957,616,5
西城,广安门内、牛街学区,北京小学走读部,长椿街西里,1973,957,11
西城,广安门内、牛街学区,北京小学走读部,西便门东里,1979,862,13
西城,广安门内、牛街学区,北京小学走读部,西便门内大街97号院,1982,173,3
西城,广安门内、牛街学区,北京小学走读部,宣武门西大街26号院,1992,765,1
西城,广安门内、牛街学区,北京小学走读部,广安门北街,1992,135,1
西城,广安门外学区,北京第二实验小学广外分校,远见名苑,2004,736,13
西城,广安门外学区,北京第二实验小学广外分校,朗琴园,2002,600,12
西城,广安门外学区,北京第二实验小学广外分校,乐城,2004,681,6
西城,广安门外学区,北京第二实验小学广外分校,小红庙,1980,125,17
西城,广安门外学区,北京第二实验小学广外分校,车站西街17号院,1992,404,9
西城,广安门外学区,北京第二实验小学广外分校,红居南街,1992,162,7
西城,广安门外学区,北京第二实验小学广外分校,恒昌花园,1998,613,5
西城,广安门外学区,北京第二实验小学广外分校,车站西街15号院,1991,485,8
西城,广安门外学区,北京第二实验小学广外分校,车站西街,1977,528,2
西城,广安门外学区,北京第二实验小学广外分校,远见国际公寓,2008,794,1
西城,广安门外学区,北京第二实验小学广外分校,红居南街6号院,1986,138,2
西城,广安门外学区,北京第二实验小学广外分校,车站西街9号院,1998,261,3
西城,广安门外学区,北京第二实验小学广外分校,手帕口南街,1980,245,4
西城,广安门外学区,北京第二实验小学广外分校,手帕口南街40号院,1984,588,3
西城,广安门外学区,北京第二实验小学广外分校,手帕口西一巷,1980,352,2
西城,广安门外学区,北京第二实验小学广外分校,车站西街1号院,2005,194,2
西城,广安门外学区,北京第二实验小学广外分校,小红庙南里,1988,538,4
西城,广安门外学区,北京第二实验小学广外分校,新纪元公寓,1999,678,1
西城,广安门外学区,北京第二实验小学广外分校,红居街10号院,2002,665,3
西城,广安门外学区,北京第一实验小学广外分校,信和嘉园,2006,92,4
西城,广安门外学区,北京第一实验小学广外分校,茗筑,2005,587,3
西城,广安门外学区,北京市西城区椿树馆小学,广安门外南街,1980,745,14
西城,广安门外学区,北京市西城区椿树馆小学,车站东街15号院,1980,485,13
西城,广安门外学区,北京市西城区椿树馆小学,立恒名苑,2002,369,3
西城,广安门外学区,北京市西城区椿树馆小学,白菜湾四巷17号院,1988,223,4
西城,广安门外学区,北京市西城区椿树馆小学,广安门外车站东街,1979,109,2
西城,广安门外学区,北京市西城区椿树馆小学,广安门外大街,1975,311,4
西城,广安门外学区,北京市西城区椿树馆小学,广安苑二期,2002,247,2
西城,广安门外学区,北京市西城区椿树馆小学,白菜湾社区,1992,191,6
西城,广安门外学区,北京市西城区椿树馆小学,椿树馆街35号院,1983,268,4
西城,广安门外学区,北京市西城区椿树馆小学,广安苑一期,1986,178,3
西城,广安门外学区,北京市西城区椿树馆小学,椿树馆街,1979,382,5
西城,广安门外学区,北京市西城区红莲小学,北欧印象,2002,693,4
西城,广安门外学区,北京市西城区红莲小学,常青藤嘉园,2004,286,12
西城,广安门外学区,北京市西城区红莲小学,馨莲茗园,2003,634,1
西城,广安门外学区,北京市西城区红莲小学,红莲晴园,2000,219,6
西城,广安门外学区,北京市西城区红莲小学,西环景苑,2001,394,3
西城,广安门外学区,北京市西城区红莲小学,红莲南里,1985,665,13
西城,广安门外学区,北京市西城区红莲小学,丽阳四季,2001,539,3
西城,广安门外学区,北京市西城区红莲小学,马连道路甲18号院,1992,822,2
西城,广安门外学区,北京市西城区红莲小学,红莲中里,1985,94,20
西城,广安门外学区,北京市西城区青年湖小学,鸭子桥43号院,1982,413,2
西城,广安门外学区,北京市西城区青年湖小学,广外南街50号院,1999,541,2
西城,广安门外学区,北京市西城区青年湖小学,信德园,2002,276,3
西城,广安门外学区,北京市西城区青年湖小学,政泰家园,2004,486,1
西城,广安门外学区,北京市西城区青年湖小学,源屋曲,2005,268,7
西城,广安门外学区,北京市西城区青年湖小学,鸭子桥北里,1978,204,14
西城,广安门外学区,北京市西城区青年湖小学,鸭子桥南里,1985,180,6
西城,广安门外学区,北京市西城区青年湖小学,南滨河路,1984,332,2
西城,广安门外学区,北京市西城区三义里小学,丽水莲花,2006,484,7
西城,广安门外学区,北京市西城区三义里小学,格调,2004,207,5
西城,广安门外学区,北京市西城区三义里小学,依莲轩,2001,223,4
西城,广安门外学区,北京市西城区三义里小学,马连道西里,1976,397,8
西城,广安门外学区,北京市西城区三义里小学,三义东里,1983,278,8
西城,广安门外学区,北京市西城区三义里小学,三义里,1980,245,8
西城,广安门外学区,北京市西城区三义里小学,三义西里,1981,169,7
西城,广安门外学区,北京市西城区三义里小学,太平里,1997,865,12
西城,广安门外学区,北京市西城区三义里小学,湾子街社区,1989,473,5
西城,广安门外学区,北京市西城区三义里小学,马连道南街12号院,1999,513,1
西城,广安门外学区,北京小学广外分校,马连道中里,1996,67,20
西城,广安门外学区,北京小学广外分校,红莲北里,1985,159,12
西城,广安门外学区,北京小学广外分校,红莲北里17号院,1999,167,2
西城,广安门外学区,北京小学广外分校,马连道中街,1958,67,5
西城,广安门外学区,北京小学红山分校,红山世家,2010,326,4
西城,广安门外学区,北京小学红山分校,蝶翠华庭,2003,265,3
西城,广安门外学区,北京小学天宁寺分校,荣丰2008,2003,781,17
西城,广安门外学区,北京小学天宁寺分校,西豪逸景,2001,350,7
西城,广安门外学区,北京小学天宁寺分校,天宁寺东里,1974,297,21
西城,广安门外学区,北京小学天宁寺分校,手帕口北街,1974,411,8
西城,广安门外学区,北京小学天宁寺分校,小马厂南里,1989,546,5
西城,广安门外学区,北京小学天宁寺分校,广华轩,1986,579,4
西城,广安门外学区,北京小学天宁寺分校,莲花池东路24号院,1999,703,4
西城,广安门外学区,北京小学天宁寺分校,玺源台,2013,1382,2
西城,广安门外学区,北京小学天宁寺分校,新居西里,1983,234,7
西城,广安门外学区,北京小学天宁寺分校,永居胡同,1986,344,1
西城,广安门外学区,北京小学天宁寺分校,水泥厂宿舍楼,1982,290,1
西城,广安门外学区,北京小学天宁寺分校,天宁寺前街南里,1991,267,13
西城,广安门外学区,北京小学天宁寺分校,天宁寺西里,1980,252,10
西城,广安门外学区,北京小学天宁寺分校,小马厂东里,1986,443,7
西城,金融街学区,北京第二实验小学,新文化街四合院,1960,3438,16
西城,金融街学区,北京第二实验小学,新文化街,1960,3469,7
西城,金融街学区,北京市西城区奋斗小学,长安兴融中心,2004,886,1
西城,金融街学区,北京市西城区奋斗小学,石灯胡同6号院,1985,296,2
西城,金融街学区,北京市西城区宏庙小学,丰汇园小区,1999,984,15
西城,金融街学区,北京市西城区宏庙小学,丰侨公寓,2006,1082,1
西城,金融街学区,北京市西城区华嘉小学,西城晶华,2008,906,11
西城,金融街学区,北京市西城区华嘉小学,民康胡同30号院,1991,812,3
西城,金融街学区,北京市西城区西单小学,华远北街,2000,568,1
西城,金融街学区,北京市西城区西单小学,京畿道,1990,237,11
西城,金融街学区,北京市西城区西单小学,二龙路,1990,253,2
西城,金融街学区,北京市西城区西单小学,金宸国际公寓,2000,764,3
西城,金融街学区,北京市西城区西单小学,中海凯旋,2004,587,5
西城,什刹海学区,北京市西城区厂桥小学,航空胡同40号院,2000,663,3
西城,什刹海学区,北京市西城区第十三中学附属小学,羊房胡同,不详,486,9
西城,什刹海学区,北京市西城区雷锋小学,后马厂胡同,1979,390,10
西城,什刹海学区,北京市西城区雷锋小学,小石桥胡同11号院,1976,216,3
西城,什刹海学区,北京市西城区雷锋小学,小石桥胡同3号院,1983,249,5
西城,什刹海学区,北京市西城区雷锋小学,西绦胡同,1985,657,5
西城,什刹海学区,北京市西城区西什库小学,爱民里小区,1990,729,15
西城,什刹海学区,北京市西城区西什库小学,华裕园小区,2000,342,9
西城,什刹海学区,北京市西城区新街口东街小学,辛勤胡同,1983,103,2
西城,什刹海学区,北京市西城区新街口东街小学,光泽胡同,1980,349,4
西城,陶然亭、白纸坊学区,北京市第八中学附属小学,中信禧园,2013,595,4
西城,陶然亭、白纸坊学区,北京市第八中学附属小学,中信沁园,2011,560,5
西城,陶然亭、白纸坊学区,北京市第八中学附属小学,陶然北岸,2004,483,15
西城,陶然亭、白纸坊学区,北京市第八中学附属小学,中信锦园,2009,678,6
西城,陶然亭、白纸坊学区,北京市西城区白纸坊小学,恬心家园,2000,304,3
西城,陶然亭、白纸坊学区,北京市西城区白纸坊小学,新安中里,1970,517,8
西城,陶然亭、白纸坊学区,北京市西城区白纸坊小学,都市晴园,2000,420,1
西城,陶然亭、白纸坊学区,北京市西城区白纸坊小学,樱桃二条8号院,2004,403,3
西城,陶然亭、白纸坊学区,北京市西城区白纸坊小学,白纸坊西街,1977,390,5
西城,陶然亭、白纸坊学区,北京市西城区白纸坊小学,菜园街10号院,2003,267,2
西城,陶然亭、白纸坊学区,北京市西城区白纸坊小学,圣都大厦,2001,384,1
西城,陶然亭、白纸坊学区,北京市西城区白纸坊小学,中胜巷,1983,304,2
西城,陶然亭、白纸坊学区,北京市西城区白纸坊小学,建功北里,1996,485,1
西城,陶然亭、白纸坊学区,北京市西城区半步桥小学,平原里小区,1998,395,17
西城,陶然亭、白纸坊学区,北京市西城区半步桥小学,双槐里,1992,331,21
西城,陶然亭、白纸坊学区,北京市西城区半步桥小学,白纸坊东街,1980,290,1
西城,陶然亭、白纸坊学区,北京市西城区半步桥小学,泰然居,2002,143,2
西城,陶然亭、白纸坊学区,北京市西城区实验小学,建功南里,1996,350,5
西城,陶然亭、白纸坊学区,北京市西城区实验小学,中华家园,2002,235,3
西城,陶然亭、白纸坊学区,北京市西城区实验小学,荣宁园,2002,121,4
西城,陶然亭、白纸坊学区,北京市西城区实验小学,天缘公寓,1999,407,2
西城,陶然亭、白纸坊学区,北京市西城区实验小学,南运巷,1989,1023,5
西城,陶然亭、白纸坊学区,北京市西城区陶然亭小学,四平园,1995,518,9
西城,陶然亭、白纸坊学区,北京市西城区陶然亭小学,一瓶,2006,383,7
西城,陶然亭、白纸坊学区,北京市西城区陶然亭小学,黑窑厂西里,1960,345,14
西城,陶然亭、白纸坊学区,北京市西城区陶然亭小学,姚家井二巷,1990,347,7
西城,陶然亭、白纸坊学区,北京市西城区陶然亭小学,红土店南里,1963,334,10
西城,陶然亭、白纸坊学区,北京市西城区陶然亭小学,龙爪槐胡同,1998,198,3
西城,陶然亭、白纸坊学区,北京市西城区陶然亭小学,陶然湖景,2002,145,1
西城,陶然亭、白纸坊学区,北京市西城区陶然亭小学,里仁东街,1983,355,2
西城,陶然亭、白纸坊学区,北京市宣武师范学校附属第一小学,清芷园,2000,728,13
西城,陶然亭、白纸坊学区,北京市宣武师范学校附属第一小学,万博苑,1999,445,5
西城,陶然亭、白纸坊学区,北京市宣武师范学校附属第一小学,半步桥13号院,1991,251,8
西城,陶然亭、白纸坊学区,北京市宣武师范学校附属第一小学,华龙美钰,2013,416,3
西城,陶然亭、白纸坊学区,北京市宣武师范学校附属第一小学,信建里小区,1978,317,12
西城,陶然亭、白纸坊学区,北京市宣武师范学校附属第一小学,右安门内西街甲10号院,1982,616,10
西城,陶然亭、白纸坊学区,北京市宣武师范学校附属第一小学,右安门内西街甲2号院,1987,427,10
西城,陶然亭、白纸坊学区,北京市宣武师范学校附属第一小学,右安门内西街,1976,350,6
西城,陶然亭、白纸坊学区,北京市宣武师范学校附属第一小学,右安门内西街1号院,1998,483,6
西城,陶然亭、白纸坊学区,北京市宣武师范学校附属第一小学,半步桥6号院,1990,517,2
西城,陶然亭、白纸坊学区,北京市宣武师范学校附属第一小学,里仁街6号院,1978,484,11
西城,陶然亭、白纸坊学区,北京市宣武师范学校附属第一小学,右安门西街,1974,615,3
西城,陶然亭、白纸坊学区,北京市宣武师范学校附属第一小学,育新街,1981,839,9
西城,陶然亭、白纸坊学区,北京市宣武师范学校附属第一小学,白纸坊街25号院,1975,323,5
西城,陶然亭、白纸坊学区,北京市宣武师范学校附属第一小学,里仁街1号院,1980,732,2
西城,陶然亭、白纸坊学区,北京市宣武师范学校附属第一小学,新安南里,1980,310,7
西城,陶然亭、白纸坊学区,北京市宣武师范学校附属第一小学,永乐里10号院,1984,818,1
西城,陶然亭、白纸坊学区,北京市宣武师范学校附属第一小学,育人里小区,1999,106,7
西城,陶然亭、白纸坊学区,北京市宣武师范学校附属第一小学,自新路,1978,736,2
西城,西长安街学区,北京第二实验小学长安校区,大六部口,1982,434,13
西城,西长安街学区,北京第二实验小学长安校区,西交民巷62号院,1980,514,2
西城,西长安街学区,北京第二实验小学长安校区,西绒线,1957,187,3
西城,西长安街学区,北京市西城区力学小学,罗贤胡同,1965,228,6
西城,西长安街学区,北京市西城区力学小学,钟声胡同,1965,274,23
西城,西长安街学区,北京市西城区顺城街第一小学,新壁街,1957,387,6
西城,西长安街学区,北京市西城区顺城街第一小学,天安国汇,2007,431,1
西城,西长安街学区,北京市西城区顺城街第一小学,佳慧雅园,2008,313,1
西城,西长安街学区,北京市西城区顺城街第一小学,英嘉公寓,1992,97,2
西城,西长安街学区,北京市西城区顺城街第一小学,复地西绒线26号,2009,363,2
西城,西长安街学区,北京市西城区顺城街第一小学,上国阙,2008,156,2
西城,西长安街学区,北京市西城区自忠小学,东斜街,1980,629,36
西城,西长安街学区,北京市西城区自忠小学,西黄城根45号院,1978,381,15
西城,西长安街学区,北京市西城区自忠小学,西黄城根南街一区,1980,387,9
西城,新街口学区,北京第二实验小学玉桃园分校,玉桃园三区,1990,236,7
西城,新街口学区,北京第二实验小学玉桃园分校,新街口西里二区,2002,611,2
西城,新街口学区,北京第二实验小学玉桃园分校,新街口西里三区,2003,420,9
西城,新街口学区,北京第二实验小学玉桃园分校,新街口西里一区,2003,639,6
西城,新街口学区,北京第二实验小学玉桃园分校,玉桃园二区,1993,181,19
西城,新街口学区,北京第二实验小学玉桃园分校,德胜门西大街64号,1983,901,1
西城,新街口学区,北京第二实验小学玉桃园分校,德胜门西大街74号,1986,315,1
西城,新街口学区,北京第二实验小学玉桃园分校,马相西巷,1983,77,3
西城,新街口学区,北京第二实验小学玉桃园分校,如意里,1958,231,12
西城,新街口学区,北京第二实验小学玉桃园分校,后桃园胡同10号,1958,202,1
西城,新街口学区,北京第二实验小学玉桃园分校,铁狮子巷,1980,370,1
西城,新街口学区,北京师范大学京师附小,太平桥大街,1989,744,1
西城,新街口学区,北京师范大学京师附小,羊肉胡同120号院,1989,748,4
西城,新街口学区,北京师范大学京师附小,砖塔胡同86号院,1958,779,3
西城,新街口学区,北京市西城区黄城根小学官园校区,富国里小区,1997,552,16
西城,新街口学区,北京市西城区黄城根小学官园校区,西派国际公寓,2009,334,3
西城,新街口学区,北京市西城区黄城根小学官园校区,官园公寓,1998,326,8
西城,新街口学区,北京市西城区黄城根小学官园校区,官园胡同,1984,104,3
西城,新街口学区,北京市西城区黄城根小学官园校区,玉廊东园,2007,223,5
西城,新街口学区,北京市西城区黄城根小学官园校区,官苑8号,2007,347,6
西城,新街口学区,北京市西城区黄城根小学官园校区,西直门南小街,1989,175,2
西城,新街口学区,北京市西城区四根柏小学,西直门南大街,1986,1082,10
西城,新街口学区,北京市西城区四根柏小学,国英园,1997,945,9
西城,新街口学区,北京市西城区四根柏小学,冠英园小区,1998,408,11
西城,新街口学区,北京市西城区四根柏小学,东冠英胡同,1959,304,14
西城,新街口学区,北京市西城区四根柏小学,小后仓,1990,612,9
西城,新街口学区,北京市西城区四根柏小学,葱店胡同2号院,1995,921,8
西城,新街口学区,北京市西城区中华路小学,西直门内大街,1982,296,11
西城,月坛学区,北京第二实验小学白云路分校,复兴门外大街,1979,665,6
西城,月坛学区,北京第二实验小学白云路分校,木樨地,1957,415,20
西城,月坛学区,北京第二实验小学白云路分校,真武庙,1960,466,8
西城,月坛学区,北京第二实验小学白云路分校,真武庙三里,1961,147,10
西城,月坛学区,北京第二实验小学白云路分校,西便门外大街,1954,557,34
西城,月坛学区,北京市西城区复兴门外第一小学,南礼士路三条北里,1960,145,11
西城,月坛学区,北京市西城区复兴门外第一小学,复兴门北大街,1980,693,6
西城,月坛学区,北京市西城区复兴门外第一小学,月坛西街乙2号院,1990,534,4
西城,月坛学区,北京市西城区复兴门外第一小学,地藏庵,1955,322,8
西城,月坛学区,北京市西城区复兴门外第一小学,南礼士路甲62号院,1980,711,4
西城,月坛学区,北京市西城区复兴门外第一小学,南礼士路三条南里,2008,346,1
西城,月坛学区,北京市西城区复兴门外第一小学,三里河东路,1987,282,1
西城,月坛学区,北京市西城区复兴门外第一小学,三里河东路甲8号院,1996,413,2
西城,月坛学区,北京市西城区复兴门外第一小学,月坛南街小四道口,1993,369,2
西城,月坛学区,北京市西城区复兴门外第一小学,月坛西街东里22号院,1983,330,2
西城,月坛学区,北京市西城区复兴门外第一小学,月坛西街西里,1954,236,27
西城,月坛学区,北京市西城区复兴门外第一小学,二七剧场路,1976,211,5
西城,月坛学区,北京市西城区复兴门外第一小学,三里河东路甲10号院,1980,196,1
西城,月坛学区,北京市西城区复兴门外第一小学,三里河东路甲14号院,1978,555,3
西城,月坛学区,北京市西城区复兴门外第一小学,月坛北街,1965,603,8
西城,月坛学区,北京市西城区三里河第三小学,三里河三区,1954,236,46
西城,月坛学区,北京市西城区三里河第三小学,三里河二区,1952,501,14
西城,月坛学区,北京市西城区三里河第三小学,三里河二区A区,2001,447,4
西城,月坛学区,北京市西城区育民小学,白云观,1973,792,12
西城,月坛学区,北京市西城区育民小学,白云路七号院,1987,1110,3
西城,月坛学区,北京市西城区育民小学,汽南小区,1954,983,18
西城,月坛学区,北京市西城区育民小学,真武庙五里,1955,393,4
西城,月坛学区,北京市西城区中古友谊小学,月坛北街25号院,1960,424,38
西城,月坛学区,北京市西城区中古友谊小学,三里河北街5号院,1991,101,2
西城,月坛学区,北京市西城区中古友谊小学,阜成门外大街甲40号,1978,748,5
西城,月坛学区,北京市西城区中古友谊小学,阜成门外大街36号院,1990,763,1
西城,月坛学区,北京市西城区中古友谊小学,阜成门外大街,1950,778,2
西城,月坛学区,北京市西城区中古友谊小学,洪茂沟社区,1958,518,10
西城,月坛学区,北京市西城区中古友谊小学,三里河北街2号院,1973,205,1
西城,月坛学区,北京市西城区中古友谊小学,三里河北街3号院,1990,99,6
西城,月坛学区,北京市西城区中古友谊小学,三里河东路7号院,1992,526,2
西城,月坛学区,北京市西城区中古友谊小学,三里河居民区,1987,232,6
西城,展览路学区,北京建筑大学附属小学,郝家湾,1974,248,5
西城,展览路学区,北京建筑大学附属小学,西直门外南路24号院,1986,455,1
西城,展览路学区,北京建筑大学附属小学,展览路,1978,574,3
西城,展览路学区,北京市西城区奋斗小学北校区,北营房西里,1956,142,14
西城,展览路学区,北京市西城区奋斗小学北校区,阜成门外北街,1965,324,3
西城,展览路学区,北京市西城区阜成门外第一小学,万明园,1992,322,9
西城,展览路学区,北京市西城区阜成门外第一小学,南礼士路,1976,367,3
西城,展览路学区,北京市西城区阜成门外第一小学,阜成门南大街,1980,509,4
西城,展览路学区,北京市西城区阜成门外第一小学,月坛北小街1号院,1998,464,2
西城,展览路学区,北京市西城区阜成门外第一小学,北营房东里,1977,558,1
西城,展览路学区,北京市西城区阜成门外第一小学,水电部宿舍,1955,179,7
西城,展览路学区,北京市西城区阜成门外第一小学,月坛北街甲1号院,1989,491,2
西城,展览路学区,北京市西城区进步小学,北礼士路,1977,526,12
西城,展览路学区,北京市西城区进步小学,榆树馆西里,1982,76,9
西城,展览路学区,北京市西城区进步小学,新兴中巷,1976,581,7
西城,展览路学区,北京市西城区进步小学,德宝新园,1990,517,15
西城,展览路学区,北京市西城区进步小学,团结大院,1985,283,7
西城,展览路学区,北京市西城区进步小学,铁路巷,1980,201,6
西城,展览路学区,北京市西城区进步小学,车公庄北里,1960,132,4
西城,展览路学区,北京市西城区进步小学,新兴东巷,1983,569,2
西城,展览路学区,北京市西城区进步小学,进步巷,1981,203,2
西城,展览路学区,北京市西城区展览路第一小学,扣钟北里,1986,373,8
西城,展览路学区,北京市西城区展览路第一小学,北露园,1993,419,7
西城,展览路学区,北京市西城区展览路第一小学,南露园,1992,563,6
西城,展览路学区,北京市西城区展览路第一小学,百万庄辰区,1954,118,6
西城,展览路学区,北京市西城区展览路第一小学,百万庄未区,1950,196,7
西城,展览路学区,北京市西城区展览路第一小学,百万庄子区,1954,266,7
西城,展览路学区,北京市西城区展览路第一小学,百万庄南街,1976,610,5
西城,展览路学区,北京市西城区展览路第一小学,百万庄中里,1975,153,9
西城,展览路学区,北京市西城外国语学校附属小学,北礼士路70号院,1974,359,6
西城,展览路学区,北京市西城外国语学校附属小学,阜成门北大街,1989,411,1
西城,展览路学区,北京市西城外国语学校附属小学,北礼士路60号院,1982,106,1
海淀,八里庄学区,北京市海淀区八里庄小学,八里庄北里,1992,1016,39
海淀,八里庄学区,北京市海淀区八里庄小学,北洼西里,1980,918,12
海淀,八里庄学区,北京市海淀区八里庄小学,颐慧佳园,2004,1295,22
海淀,八里庄学区,北京市海淀区八里庄小学,中海雅园,1999,1060,17
海淀,八里庄学区,北京市海淀区八里庄小学,绿波漫板,2003,1155,8
海淀,八里庄学区,北京市海淀区八里庄小学,西钓鱼台嘉园,2006,915,7
海淀,八里庄学区,北京市海淀区八里庄小学,北洼路28号院,1998,1148,2
海淀,八里庄学区,北京市海淀区八里庄小学,玲珑花园,2000,1516,21
海淀,八里庄学区,北京市海淀区八里庄小学,北洼路32号院,1994,1032,3
海淀,八里庄学区,北京市海淀区八里庄小学,名仕花园,1998,474,15
海淀,八里庄学区,北京市海淀区八里庄小学,七贤村,1985,748,11
海淀,八里庄学区,北京市海淀区八里庄小学,气象西苑,1999,772,4
海淀,八里庄学区,北京市海淀区八里庄小学,西钓鱼台庄园,1998,600,4
海淀,八里庄学区,北京市海淀区定慧里小学,八宝庄,1990,1133,22
海淀,八里庄学区,北京市海淀区定慧里小学,定慧东里,1990,512,28
海淀,八里庄学区,北京市海淀区定慧里小学,定慧西里,1990,120,28
海淀,八里庄学区,北京市海淀区定慧里小学,永金里小区,1998,884,15
海淀,八里庄学区,北京市海淀区定慧里小学,恩济花园,1990,958,10
海淀,八里庄学区,北京市海淀区六一小学,恩济里小区,1995,384,23
海淀,八里庄学区,北京市海淀区六一小学,恩济庄96号院,1998,132,4
海淀,八里庄学区,北京市海淀区六一小学,定慧北里,1996,548,20
海淀,八里庄学区,北京市海淀区六一小学,恩济庄46号院,1995,510,3
海淀,八里庄学区,北京市海淀区六一小学,玫瑰御园,2004,1408,6
海淀,八里庄学区,北京市海淀区六一小学,永安东里,1998,449,8
海淀,八里庄学区,北京市海淀区六一小学,恩济庄82号院,1998,381,5
海淀,八里庄学区,北京市海淀区六一小学,美丽西园,1998,1255,11
海淀,八里庄学区,北京市海淀区六一小学,美丽星苑,2006,715,3
海淀,八里庄学区,北京市海淀区六一小学,阜成路95号院,1998,545,6
海淀,八里庄学区,北京市海淀区六一小学,亮丽园,2007,441,1
海淀,八里庄学区,北京市海淀区六一小学,盲人学校家属楼,1985,746,1
海淀,八里庄学区,北京市海淀区实验小学,西三环北路105号院,1958,691,20
海淀,八里庄学区,北京市海淀区实验小学,西三环北路86号院,1985,204,4
海淀,八里庄学区,北京市海淀区实验小学,工商大学东校区,1980,744,10
海淀,八里庄学区,北京市海淀区实验小学,工商大学,1975,517,14
海淀,八里庄学区,北京市海淀区实验小学,后白堆子,1989,957,3
海淀,八里庄学区,北京市海淀区实验小学,西三环北路101号院,1990,589,3
海淀,八里庄学区,北京市海淀区实验小学,阜成路北三街5号院,1990,599,1
海淀,八里庄学区,北京市海淀区实验小学,阜成路南二街甲2号院,1955,1238,2
海淀,八里庄学区,北京市海淀区实验小学,科委宿舍,1982,527,4
海淀,八里庄学区,北京市海淀区实验小学,西三环北路76号院,1989,133,2
海淀,八里庄学区,北京市海淀区实验小学,高第小区,1982,813,3
海淀,八里庄学区,北京市海淀区实验小学,西三环北路82号院,1981,207,6
海淀,八里庄学区,北京市海淀区实验小学,增光路40号院,1983,933,1
海淀,八里庄学区,北京市海淀区万泉小学曙光校区,曙光花园,1997,303,26
海淀,八里庄学区,北京市海淀区万泉小学曙光校区,诚品建筑,2003,1181,9
海淀,八里庄学区,北京市海淀区万泉小学曙光校区,观澜国际,2004,321,5
海淀,八里庄学区,中国人民大学附属小学,晨月园,2007,949,10
海淀,八里庄学区,中国人民大学附属小学,远大园五区,2002,1389,16
海淀,八里庄学区,中国人民大学附属小学,远大园六区,2000,1969,11
海淀,八里庄学区,中国人民大学附属小学,时雨园,2004,678,14
海淀,八里庄学区,中国人民大学附属小学,烟树园,2003,524,9
海淀,八里庄学区,中国人民大学附属小学,远大园四区,2000,1734,14
海淀,八里庄学区,中国人民大学附属小学,垂虹园,2004,886,12
海淀,八里庄学区,中国人民大学附属小学,金夕园,2004,563,5
海淀,八里庄学区,中国人民大学附属小学,观山园,2004,424,6
海淀,八里庄学区,中国人民大学附属小学,翠叠园,2004,676,11
海淀,八里庄学区,中国人民大学附属小学,鲁艺上河村二区,2002,1588,5
海淀,八里庄学区,中国人民大学附属小学,春荫园,2004,433,9
海淀,八里庄学区,中国人民大学附属小学,远大园三区,2002,1454,6
海淀,八里庄学区,中国人民大学附属小学,鲁艺上河村三区,2007,1687,7
海淀,八里庄学区,中国人民大学附属小学,远大园二区,2002,1301,3
海淀,八里庄学区,中国人民大学附属小学,鲁艺上河村一区,2001,1542,3
海淀,八里庄学区,中国人民大学附属小学,世纪金源国际公寓,2001,1564,2
海淀,八里庄学区,中国人民大学附属小学,怡丽南园,2002,503,3
海淀,八里庄学区,中国人民大学附属小学,远大园一区,2002,1316,5
海淀,八里庄学区,中国人民大学附属小学,晴雪园,2004,741,9
海淀,八里庄学区,中国人民大学附属小学亮甲店分校,北京印象,2003,269,7
海淀,八里庄学区,中国人民大学附属小学亮甲店分校,玲珑天地,2012,283,1
海淀,八里庄学区,中国人民大学附属小学亮甲店分校,定慧福里,2009,181,4
海淀,八里庄学区,中国人民大学附属小学亮甲店分校,西木小区,1992,701,18
海淀,八里庄学区,中国人民大学附属小学亮甲店分校,安装宿舍,1989,211,5
海淀,八里庄学区,中国人民大学附属小学亮甲店分校,亮甲店小区,1998,104,8
海淀,八里庄学区,中国人民大学附属小学亮甲店分校,瑞新里小区,2007,197,5
海淀,八里庄学区,中国人民大学附属小学亮甲店分校,自由度,2003,610,1
海淀,八里庄学区,中国人民大学附属小学亮甲店分校,半壁店六建宿舍,1987,659,2
海淀,八里庄学区,中国人民大学附属小学亮甲店分校,田村33号院,1999,1250,1
海淀,八里庄学区,中国人民大学附属小学亮甲店分校,雅世合金公寓,2009,1100,10
海淀,北太平庄学区,北方交通大学附属小学,交大嘉园,2003,576,6
海淀,北太平庄学区,北方交通大学附属小学,舒至嘉园,1990,272,3
海淀,北太平庄学区,北方交通大学附属小学,交大东路31号院,1980,505,11
海淀,北太平庄学区,北方交通大学附属小学,长河湾,2005,448,19
海淀,北太平庄学区,北方交通大学附属小学,品阁公寓,2003,791,1
海淀,北太平庄学区,北方交通大学附属小学,高梁桥斜街乙40号院,1990,398,7
海淀,北太平庄学区,北方交通大学附属小学,交大东路56号院,1990,386,3
海淀,北太平庄学区,北方交通大学附属小学,四道口5号院,1999,1926,3
海淀,北太平庄学区,北方交通大学附属小学,铁道科学研究院,1955,1279,33
海淀,北太平庄学区,北方交通大学附属小学,高梁桥斜街丙40号院,1992,540,1
海淀,北太平庄学区,北方交通大学附属小学,交大东路7号院,1985,1217,1
海淀,北太平庄学区,北方交通大学附属小学,卫生部小区,1986,614,8
海淀,北太平庄学区,北京市海淀区星火小学,五月华庭,2001,213,3
海淀,北太平庄学区,北京市海淀区星火小学,红联南村,1983,592,6
海淀,北太平庄学区,北京市海淀区星火小学,志强南园,1982,252,11
海淀,北太平庄学区,北京市海淀区星火小学,文慧园,1998,447,10
海淀,北太平庄学区,北京市海淀区星火小学,文慧园15号16公寓,2004,397,2
海淀,北太平庄学区,北京市海淀区星火小学,红联村,1986,767,5
海淀,北太平庄学区,北京市海淀区星火小学,新外大街15号院,1976,1171,4
海淀,北太平庄学区,北京市海淀区星火小学,志强北园,1979,158,13
海淀,北太平庄学区,北京市海淀区星火小学,新外大街5号,1984,1341,1
海淀,北太平庄学区,北京市海淀区星火小学,电车厂宿舍,1982,247,5
海淀,北太平庄学区,北京市海淀区星火小学,新外大街31号院,1986,390,5
海淀,北太平庄学区,北京市海淀区学院路小学,罗庄西里,1992,825,11
海淀,北太平庄学区,北京市海淀区学院路小学,太月园,1998,436,11
海淀,北太平庄学区,北京市海淀区学院路小学,锦秋知春,2000,532,9
海淀,北太平庄学区,北京市海淀区学院路小学,宏嘉丽园,2002,236,3
海淀,北太平庄学区,北京市海淀区学院路小学,蓟门南里,1986,320,10
海淀,北太平庄学区,北京市海淀区学院路小学,蓟门北里,1982,193,11
海淀,北太平庄学区,北京市海淀区学院路小学,蓟门东里,1986,229,12
海淀,北太平庄学区,北京市海淀区学院路小学,罗庄南里,1986,506,9
海淀,北太平庄学区,北京市海淀区学院路小学,和景园,2001,286,2
海淀,北太平庄学区,北京市海淀区学院路小学,罗庄东里,1993,674,7
海淀,北太平庄学区,北京市海淀区学院路小学,首体家属院,1983,253,6
海淀,北太平庄学区,北京市海淀区学院路小学,知春路2号院,1991,523,5
海淀,北太平庄学区,北京市海淀区学院路小学,知春嘉园,1998,841,4
海淀,北太平庄学区,北京邮电大学附属小学,索家坟,1980,415,26
海淀,北太平庄学区,北京邮电大学附属小学,今典花园,1998,69,9
海淀,北太平庄学区,北京邮电大学附属小学,时代之光名苑,2001,703,4
海淀,北太平庄学区,北京邮电大学附属小学,明光村小区,1981,703,20
海淀,北太平庄学区,北京邮电大学附属小学,红联北村,1980,37,15
海淀,北太平庄学区,北京邮电大学附属小学,城建小区,1982,927,10
海淀,北太平庄学区,北京邮电大学附属小学,文慧园56号公寓,2004,356,1
海淀,北太平庄学区,北京邮电大学附属小学,学院南路32号院,1959,431,23
海淀,北太平庄学区,北京邮电大学附属小学,德胜门西大街甲5号,1983,882,9
海淀,北太平庄学区,北京邮电大学附属小学,文慧园北路4号院,1999,204,1
海淀,北太平庄学区,北京邮电大学附属小学,海云轩,2000,659,1
海淀,北太平庄学区,北京邮电大学附属小学,智慧大厦,2005,645,1
海淀,北太平庄学区,北京邮电大学附属小学,枫蓝国际,2001,240,7
海淀,北太平庄学区,北京邮电大学附属小学,西晴公寓,2000,688,1
海淀,北太平庄学区,北京邮电大学附属小学,学院南路乙10号院,1982,452,4
海淀,北太平庄学区,北京邮电大学附属小学,学院南路乙12号,1984,393,3
海淀,北太平庄学区,北京邮电大学附属小学,远洋风景,2004,830,9
海淀,北太平庄学区,北京邮电大学附属小学,金晖嘉园,1998,1015,6
海淀,北太平庄学区,北京邮电大学附属小学,迈豪时代,2001,880,2
海淀,北太平庄学区,北京邮电大学附属小学,天兆家园,2003,646,9
海淀,北太平庄学区,北京邮电大学附属小学,文慧园路21号,1985,261,1
海淀,北太平庄学区,北京邮电大学附属小学,新外大街21号院,1980,908,5
海淀,北太平庄学区,北京邮电大学附属小学,学院南路6号,1988,857,1
海淀,北太平庄学区,北京邮电大学附属小学,学院南路8号,1985,650,2
海淀,北太平庄学区,北京邮电大学附属小学,西直门北大街甲41号,1996,654,1
海淀,北太平庄学区,北京邮电大学附属小学,依都阁,2002,536,1
海淀,北太平庄学区,北京邮电大学附属小学,交科院,1957,1303,6
海淀,北太平庄学区,北京邮电大学附属小学,文慧园北路26号院,1989,277,2
海淀,北太平庄学区,北京邮电大学附属小学,西直门北大街43号院,1992,799,7
海淀,北太平庄学区,中国农业科学院附属小学,皂君东里,1980,970,44
海淀,北太平庄学区,中国农业科学院附属小学,文林大厦,2003,1339,1
海淀,北太平庄学区,中国农业科学院附属小学,双榆树南里二区,1982,904,14
海淀,北太平庄学区,中国农业科学院附属小学,大柳树13号院,1983,649,3
海淀,北太平庄学区,中国农业科学院附属小学,天作国际中心,2006,565,2
海淀,北太平庄学区,中国农业科学院附属小学,学院南路72号院,1992,332,3
海淀,北太平庄学区,中国农业科学院附属小学,皂君庙丙4号院,2000,1124,3
海淀,北太平庄学区,中国农业科学院附属小学,大柳树3号院,1984,593,1
海淀,北太平庄学区,中国农业科学院附属小学,大慧寺12号院,1981,753,4
海淀,北太平庄学区,中国农业科学院附属小学,大慧寺20号院,1986,573,5
海淀,北太平庄学区,中国农业科学院附属小学,青年公寓,1992,1019,1
海淀,北太平庄学区,中国农业科学院附属小学,青云南区,1962,826,13
海淀,北太平庄学区,中国农业科学院附属小学,皂君庙2号院,1999,1244,1
海淀,北太平庄学区,中国农业科学院附属小学,皂君庙丙2号院,1987,1173,1
海淀,北太平庄学区,中国农业科学院附属小学,大柳树5号院,1985,610,1
海淀,北太平庄学区,中国农业科学院附属小学,大钟寺13号院,1992,1367,4
海淀,北太平庄学区,中国农业科学院附属小学,大钟寺甲8号院,1995,1409,1
海淀,北太平庄学区,中国农业科学院附属小学,富海中心,2003,684,2
海淀,北太平庄学区,中国农业科学院附属小学,供电局宿舍家属楼,1998,8524,2
海淀,北太平庄学区,中国农业科学院附属小学,科普出版社,1988,268,1
海淀,北太平庄学区,中国农业科学院附属小学,四道口9号院,1998,1395,3
海淀,北太平庄学区,中国农业科学院附属小学,双榆树东里,1985,1320,3
海淀,北太平庄学区,中国农业科学院附属小学,外文局宿舍,1978,613,4
海淀,北太平庄学区,中国农业科学院附属小学,鑫雅苑,2000,1075,3
海淀,北太平庄学区,中国农业科学院附属小学,中关村南大街甲8号,1998,690,8
海淀,北太平庄学区,中国农业科学院附属小学,皂君庙14号院,1992,896,5
海淀,北太平庄学区,中国农业科学院附属小学,皂君庙乙2号院,1988,1285,4
海淀,北太平庄学区,中国农业科学院附属小学,皂君西里,1982,542,10
海淀,北太平庄学区,中国农业科学院附属小学,大柳树7号院,1980,525,2
海淀,北太平庄学区,中国农业科学院附属小学,大钟寺133号院,1994,1220,2
海淀,北太平庄学区,中国农业科学院附属小学,海洋局小区,1985,510,8
海淀,海淀学区,北京市海淀区八一学校小学部,稻香园,1992,144,24
海淀,海淀学区,北京市海淀区八一学校小学部,大河庄苑,2005,437,8
海淀,海淀学区,北京市海淀区八一学校小学部,海淀南路,1983,960,13
海淀,海淀学区,北京市海淀区八一学校小学部,中关村公馆,2007,812,1
海淀,海淀学区,北京市海淀区八一学校小学部,艾瑟顿,2006,505,1
海淀,海淀学区,北京市海淀区八一学校小学部,远中悦莱,2004,642,3
海淀,海淀学区,北京市海淀区八一学校小学部,中湾国际,2007,478,1
海淀,海淀学区,北京市海淀区八一学校小学部,纽约客,2006,559,1
海淀,海淀学区,北京市海淀区八一学校小学部,西屋国际,2002,340,1
海淀,海淀学区,北京市海淀区八一学校小学部,立方庭,2006,528,1
海淀,海淀学区,北京市海淀区八一学校小学部,稻香园甲,1978,502,3
海淀,海淀学区,北京市海淀区八一学校小学部,长远天地,2002,347,6
海淀,海淀学区,北京市海淀区八一学校小学部,倒座庙9号院,1990,734,1
海淀,海淀学区,北京市海淀区八一学校小学部,倒座庙,1982,620,3
海淀,海淀学区,北京市海淀区万泉河小学,芙蓉里,1984,83,15
海淀,海淀学区,北京市海淀区万泉河小学,海淀路小区,1980,820,9
海淀,海淀学区,北京市海淀区万泉河小学,百环地产,2004,78,1
海淀,海淀学区,北京市海淀区万泉小学,小南庄社区,1990,493,37
海淀,海淀学区,北京市海淀区万泉小学,光大花园,2000,807,9
海淀,海淀学区,北京市海淀区万泉小学,稻香园西里,1988,261,7
海淀,海淀学区,北京市海淀区万泉小学,万泉新新家园,2000,268,28
海淀,海淀学区,北京市海淀区万泉小学,阳春光华家园,1999,327,11
海淀,海淀学区,北京市海淀区万泉小学,王公坟社区,1989,471,3
海淀,海淀学区,北京市海淀区万泉小学,万泉河62号院,1989,360,7
海淀,海淀学区,北京市海淀区万泉小学,万泉庄小区,1989,83,18
海淀,海淀学区,北京市海淀区万泉小学,小南庄怡秀园,1995,857,9
海淀,海淀学区,北京市海淀区万泉小学,万泉新新商务花园,2003,105,1
海淀,海淀学区,北京市海淀区万泉小学,小南庄甲26号院,1995,454,3
海淀,海淀学区,北京市海淀区万泉小学,万泉庄1号院,1983,433,6
海淀,海淀学区,北京市海淀区万泉小学,苏州街77号院,1987,316,3
海淀,海淀学区,北京市海淀区万泉小学,海淀南路30号院,1990,519,3
海淀,海淀学区,北京市海淀区西颐小学,紫金庄园,1998,331,7
海淀,海淀学区,北京市海淀区西颐小学,三义庙北,1958,215,23
海淀,海淀学区,北京市海淀区西颐小学,友谊社区,1958,156,66
海淀,海淀学区,北京市海淀区中关村第三小学万柳校区,蜂鸟家园,2004,208,4
海淀,海淀学区,北京市海淀区中关村第三小学万柳校区,新起点嘉园,2003,538,11
海淀,海淀学区,北京市海淀区中关村第三小学万柳校区,锋尚国际,2002,369,6
海淀,海淀学区,北京市海淀区中关村第三小学万柳校区,碧水云天,2003,400,12
海淀,海淀学区,北京市海淀区中关村第三小学万柳校区,汇新家园,2003,427,4
海淀,海淀学区,北京市海淀区中关村第三小学万柳校区,山水倾城,2003,454,4
海淀,海淀学区,北京市海淀区中关村第三小学万柳校区,康桥水郡,2004,159,3
海淀,海淀学区,北京市海淀区中关村第三小学万柳校区,光大水墨风景,2005,164,6
海淀,海淀学区,北京市海淀区中关村第三小学万柳校区,万城华府,2004,894,56
海淀,海淀学区,北京市海淀区中关村第三小学万柳校区,新纪元公寓,1999,9086,2
海淀,花园路学区,北京市海淀区九一小学,塔院小区,1986,50,40
海淀,花园路学区,北京市海淀区九一小学,金尚嘉园,2004,442,3
海淀,花园路学区,北京市海淀区九一小学,二轻局宿舍,1981,214,2
海淀,花园路学区,北京市海淀区九一小学,花园路3号院,1990,304,4
海淀,花园路学区,北京市海淀区九一小学,邮科社区,1970,375,17
海淀,花园路学区,北京市海淀区民族小学,月季园,1997,370,12
海淀,花园路学区,北京市海淀区民族小学,冠城北园,2000,240,5
海淀,花园路学区,北京市海淀区民族小学,北三环中路43号院,1992,494,23
海淀,花园路学区,北京市海淀区民族小学,新外大街3号院,1960,1051,20
海淀,花园路学区,北京市海淀区前进小学,黄亭子小区,1986,340,7
海淀,花园路学区,北京市海淀区前进小学,庚坊国际,2003,404,3
海淀,花园路学区,北京市海淀区前进小学,北影小区,1986,235,25
海淀,花园路学区,北京医科大学附属小学,龙翔路小区,1990,795,18
海淀,花园路学区,北京医科大学附属小学,华盛家园,2000,1107,5
海淀,花园路学区,北京医科大学附属小学,牡丹园东里,1989,1292,17
海淀,花园路学区,北京医科大学附属小学,中鑫嘉园,2001,1246,3
海淀,花园路学区,北京医科大学附属小学,都景苑,2001,1235,3
海淀,花园路学区,北京医科大学附属小学,牡丹园西里,1989,976,9
海淀,花园路学区,北京医科大学附属小学,西单宿舍,1986,495,5
海淀,花园路学区,北京医科大学附属小学,丙28号院,1983,860,3
海淀,花园路学区,北京医科大学附属小学,花园北路乙28号院,1985,942,5
海淀,花园路学区,北京医科大学附属小学,花园北路32号院,不详,744,1
海淀,青龙桥学区,北京大学附属小学肖家河分校,博雅西园,2003,1043,20
海淀,青龙桥学区,北京市海淀区东北旺中心小学,百旺家苑,2003,908,57
海淀,青龙桥学区,北京市海淀区东北旺中心小学,菊园,1994,952,29
海淀,青龙桥学区,北京市海淀区东北旺中心小学,西山华府,2008,159,48
海淀,青龙桥学区,北京市海淀区东北旺中心小学,西山公馆,2010,1883,3
海淀,青龙桥学区,北京市海淀区东北旺中心小学,兰园,1994,148,25
海淀,青龙桥学区,北京市海淀区东北旺中心小学,东馨园,1992,1550,12
海淀,青龙桥学区,北京市海淀区东北旺中心小学,天秀花园澄秀园,2007,589,11
海淀,青龙桥学区,北京市海淀区东北旺中心小学,苗圃宿舍,1987,8547,1
海淀,青龙桥学区,北京市海淀区东北旺中心小学,润千秋佳苑,2005,710,13
海淀,青龙桥学区,北京市海淀区东北旺中心小学,竹园,1995,874,2
海淀,青龙桥学区,北京市海淀区东北旺中心小学,梅园,1993,320,14
海淀,青龙桥学区,北京市海淀区培星小学,御园,2007,639,19
海淀,青龙桥学区,北京市海淀区西苑小学,挂甲屯,1980,405,3
海淀,青龙桥学区,北京市海淀区中关村第二小学百旺校区,百旺茉莉园,2005,1440,60
海淀,青龙桥学区,北京市海淀区中关村第二小学百旺校区,百旺新城,2004,514,47
海淀,青龙桥学区,北京市海淀区中关村第二小学百旺校区,西山壹号院,2011,563,42
海淀,青龙桥学区,北京市海淀区中关村第二小学百旺校区,中海枫涟山庄,2003,713,25
海淀,青龙桥学区,北京市海淀区中关村第一小学天秀校区,燕北园,1991,1439,29
海淀,青龙桥学区,北京市海淀区中关村第一小学天秀校区,天秀花园安和园,2000,432,21
海淀,青龙桥学区,北京市海淀区中关村第一小学天秀校区,天秀花园古月园,2003,912,28
海淀,青龙桥学区,北京市海淀区中关村第一小学天秀校区,天秀花园荷塘月舍,2004,630,9
海淀,青龙桥学区,北京市海淀区中关村第一小学天秀校区,邮局宿舍,1997,980,5
海淀,清河学区,北京市北外附属外国语学校小学部,领秀新硅谷1号院,2012,1226,62
海淀,清河学区,北京市北外附属外国语学校小学部,领秀硅谷,2003,270,43
海淀,清河学区,北京市北外附属外国语学校小学部,领秀新硅谷2号院,2008,866,84
海淀,清河学区,北京市海淀区第二实验小学本部,橡树湾,2007,573,26
海淀,清河学区,北京市海淀区第二实验小学本部,加气混凝土厂宿舍,1981,590,10
海淀,清河学区,北京市海淀区第二实验小学本部,621小区,1991,322,14
海淀,清河学区,北京市海淀区第二实验小学本部,毛纺厂西小区,1988,358,8
海淀,清河学区,北京市海淀区第二实验小学本部,中央财经大学家属楼,1990,550,5
海淀,清河学区,北京市海淀区第二实验小学当代校区,当代城市家园,2001,170,25
海淀,清河学区,北京市海淀区第二实验小学当代校区,怡美家园,2001,567,20
海淀,清河学区,北京市海淀区第二实验小学当代校区,上第MOMA,2008,298,19
海淀,清河学区,北京市海淀区第二实验小学当代校区,锦顺佳园,2008,716,4
海淀,清河学区,北京市海淀区第二实验小学当代校区,金隅美和园,2008,1271,6
海淀,清河学区,北京市海淀区第二实验小学当代校区,上林溪,2010,473,20
海淀,清河学区,北京市海淀区第二实验小学清宁校区,毛纺住宅北小区,1991,241,10
海淀,清河学区,北京市海淀区第二实验小学清宁校区,清上园,2002,425,10
海淀,清河学区,北京市海淀区第二实验小学清宁校区,阳光北里,1998,439,4
海淀,清河学区,北京市海淀区第二实验小学清宁校区,安宁里南区,1999,500,9
海淀,清河学区,北京市海淀区第二实验小学清宁校区,丝绸厂宿舍,1984,1181,4
海淀,清河学区,北京市海淀区第二实验小学清宁校区,安宁里,1992,811,15
海淀,清河学区,北京市海淀区第二实验小学清宁校区,动力厂宿舍,1988,292,4
海淀,清河学区,北京市海淀区第二实验小学清宁校区,水利局一处宿舍,1988,1138,3
海淀,清河学区,北京市海淀区第二实验小学清宁校区,安宁庄东路2号院,1984,1301,4
海淀,上地学区,北京市海淀区清河第五小学,圆明园东里,1993,543,3
海淀,上地学区,北京市海淀区清河第五小学,褐石,2007,601,29
海淀,上地学区,北京市海淀区上地实验小学,上地东里,1993,242,57
海淀,上地学区,北京市海淀区上地实验小学,上地西里,1998,254,18
海淀,上地学区,北京市海淀区上地实验小学,马连洼1号院,1992,994,12
海淀,上地学区,北京市海淀区上地实验小学,上地南路6号院,1999,380,3
海淀,上地学区,北京市海淀区上地实验小学,上地佳园,2003,270,21
海淀,上地学区,北京市海淀区上地实验小学,尚品公寓,2004,415,1
海淀,上地学区,北京市海淀区上地实验小学,枫润家园,2004,310,2
海淀,上庄西北旺学区,北京市海淀区红英小学唐家岭校区,航天城小区,2005,1783,39
海淀,四季青学区,首都师范大学附属小学,西山国际城,2011,3989,13
海淀,四季青学区,首都师范大学附属小学,郦城三区,2003,1027,17
海淀,四季青学区,首都师范大学附属小学,郦城二区,2002,1300,18
海淀,四季青学区,首都师范大学附属小学,汤泉逸墅,2004,653,21
海淀,四季青学区,首都师范大学附属小学,北坞嘉园北里,2009,4496,35
海淀,四季青学区,首都师范大学附属小学,金隅山墅,2008,3531,18
海淀,四季青学区,首都师范大学附属小学,金庄1号院,1996,902,4
海淀,四季青学区,首都师范大学附属小学,金雅园,2002,424,12
海淀,四季青学区,首都师范大学附属小学,京泉馨苑,2005,3664,23
海淀,四季青学区,首都师范大学附属小学,诸子阶,2008,193,69
海淀,万寿路学区,北京市海淀区培英小学,今日家园,2000,262,17
海淀,万寿路学区,北京市海淀区培英小学,太平路34号院,1985,378,3
海淀,万寿路学区,北京市海淀区培英小学,太平路8号院,1983,232,2
海淀,万寿路学区,北京市海淀区培英小学,太平路甲20号院,1983,149,2
海淀,万寿路学区,北京市海淀区太平路小学,复兴路46号院,1988,706,5
海淀,万寿路学区,北京市海淀区太平路小学,十一教工楼,1985,145,6
海淀,万寿路学区,北京市海淀区太平路小学,铁建大院,1990,480,35
海淀,万寿路学区,北京市海淀区五一小学,六建,1960,642,18
海淀,万寿路学区,北京市海淀区五一小学,新兴年代,2008,656,3
海淀,万寿路学区,北京市海淀区五一小学,永定路西里,1994,466,9
海淀,万寿路学区,北京市海淀区五一小学,国家计委宿舍,1989,608,2
海淀,万寿路学区,北京市海淀区五一小学,复兴路30号院,1985,930,1
海淀,万寿路学区,北京市海淀区五一小学,太平路40号院,1982,434,2
海淀,万寿路学区,北京市海淀区五一小学,太平路42号院,1982,431,4
海淀,万寿路学区,北京市海淀区五一小学,建设研究院,1980,702,3
海淀,万寿路学区,北京市海淀区五一小学,永定路109号院,1976,420,2
海淀,万寿路学区,北京市海淀区育英学校西翠路校区,万寿路1号院,1976,121,23
海淀,万寿路学区,北京市海淀区育英学校小学部,紫金长安,2004,23295,18
海淀,万寿路学区,北京市海淀区育英学校小学部,复兴路61号院,1966,22522,21
海淀,万寿路学区,北京市海淀区育英学校小学部,万寿路甲6号院,1980,22501,2
海淀,万寿路学区,北京市海淀区育英学校小学部,万寿路西街11号院,1987,22935,9
海淀,万寿路学区,北京市海淀区育英学校小学部,朱各庄小区,1984,22848,2
海淀,万寿路学区,北京市海淀区育英学校小学部,万寿园,1999,23278,4
海淀,万寿路学区,北京市海淀区育英学校小学部,万寿路甲15号院四区,1984,22654,4
海淀,万寿路学区,北京市海淀区育英学校小学部,万寿路甲15号院五区,1999,22384,8
海淀,万寿路学区,北京市海淀区育英学校小学部,万寿路西街12号院,1985,23112,1
海淀,万寿路学区,北京市海淀区育英学校小学部,万寿路西街9号,1988,22905,7
海淀,万寿路学区,北京市海淀区育英学校小学部,万寿路西街1号院,1985,22470,1
海淀,万寿路学区,北京市海淀区育英学校小学部,西翠路12号院,1991,23391,3
海淀,万寿路学区,北京市十一学校一分校小学部,翠微路25号院,不详,281,3
海淀,万寿路学区,北京市十一学校一分校小学部,翠微路22号院,1990,202,2
海淀,温泉苏家坨学区,北京市海淀区翠微小学北校区,北辰香麓,2009,1584,41
海淀,西三旗学区,北京石油学院附属实验小学,宝盛里,1996,4859,28
海淀,西三旗学区,北京石油学院附属实验小学,宝盛北里,2002,5526,25
海淀,西三旗学区,北京石油学院附属实验小学,芳清园,2007,4798,11
海淀,西三旗学区,北京石油学院附属实验小学,观澳园,2005,4933,12
海淀,西三旗学区,北京石油学院附属实验小学,观林园,2008,5524,32
海淀,西三旗学区,北京石油学院附属实验小学,怡清园,2003,5364,3
海淀,西三旗学区,北京石油学院附属实验小学,观景园,2007,5248,19
海淀,西三旗学区,北京市第二十中学附属实验学校小学部,永泰园,1980,636,25
海淀,西三旗学区,北京市第二十中学附属实验学校小学部,清景园,2004,705,4
海淀,西三旗学区,北京市第二十中学附属实验学校小学部,美欣家园,2003,1003,2
海淀,西三旗学区,北京市第二十中学附属实验学校小学部,永泰西里,1992,34,20
海淀,西三旗学区,北京市第二十中学附属实验学校小学部,清润家园,1989,563,7
海淀,西三旗学区,北京市第二十中学附属实验学校小学部,永泰庄6号院,1991,457,5
海淀,西三旗学区,北京市第二十中学附属实验学校小学部,前屯路58号院,1982,573,2
海淀,西三旗学区,北京市第二十中学附属实验学校小学部,永泰庄甲6号院,1986,392,3
海淀,西三旗学区,北京市第二十中学附属实验学校小学部,公交党校宿舍,1982,440,3
海淀,西三旗学区,北京市海淀区枫丹实验小学,枫丹丽舍,2000,557,54
海淀,西三旗学区,北京市海淀区枫丹实验小学,知本时代,2002,191,10
海淀,西三旗学区,北京市海淀区枫丹实验小学,轮胎厂宿舍,1987,395,8
海淀,西三旗学区,北京市海淀区枫丹实验小学,动街区,2008,304,1
海淀,西三旗学区,北京市海淀区清河第四小学,富力桃园C区,2008,1057,11
海淀,西三旗学区,北京市海淀区清河第四小学,富力桃园A区,2008,691,6
海淀,西三旗学区,北京市海淀区清河第四小学,建材城西二里,1986,1277,12
海淀,西三旗学区,北京市海淀区清河第四小学,建材城东二里,1998,527,14
海淀,西三旗学区,北京市海淀区清河第四小学,富力桃园B区,2007,756,4
海淀,西三旗学区,北京市海淀区清河第四小学,润生园,2008,302,3
海淀,西三旗学区,北京市海淀区清河第四小学,五机床厂宿舍,1974,154,7
海淀,西三旗学区,北京市海淀区清河第四小学,华鸿家园,2007,973,8
海淀,西三旗学区,北京市海淀区永泰小学,永泰东里,1996,1480,47
海淀,西三旗学区,北京市海淀区永泰小学,清缘东里,2004,1927,9
海淀,西三旗学区,北京市海淀区永泰小学,清缘里中区,1998,1897,11
海淀,西三旗学区,北京市海淀区永泰小学,高巢,2005,1784,1
海淀,西三旗学区,北京市海淀区永泰小学,世华龙樾,2013,73,16
海淀,西三旗学区,北京市海淀区永泰小学,信息学院家属楼,1963,696,6
海淀,西三旗学区,北京市海淀区永泰小学,小营东路6号院,1980,675,13
海淀,西三旗学区,北京市海淀区永泰小学,电力宿舍,1986,697,3
海淀,西三旗学区,北京市海淀区永泰小学,小营东路7号院,1990,485,14
海淀,西三旗学区,北京市海淀区育鹰小学,莱圳家园,2006,2001,16
海淀,西三旗学区,北京市海淀区育鹰小学,沁春家园,1999,1000,14
海淀,西三旗学区,北京市海淀区育鹰小学,安宁佳园,2007,443,6
海淀,西三旗学区,北京市海淀区育鹰小学,地壳所,1981,161,5
海淀,西三旗学区,北京市海淀区育鹰小学,常秀家园,1994,486,5
海淀,西三旗学区,北京市海淀区育鹰小学,悦秀园,1999,865,9
海淀,西三旗学区,北京市海淀区育鹰小学,育新嘉园,2000,1255,3
海淀,西三旗学区,北京市海淀区育鹰小学,君安家园东区,2007,2251,7
海淀,西三旗学区,北京市海淀区育鹰小学,雪梨澳乡A区,2002,969,79
海淀,西三旗学区,北京市海淀区育鹰小学,雪梨澳乡B区,2000,1133,41
海淀,西三旗学区,北京市海淀区育鹰小学,雪梨澳乡E区,2004,1776,20
海淀,西三旗学区,首都师范大学附属育新学校小学部,新康园,1998,186,11
海淀,西三旗学区,首都师范大学附属育新学校小学部,育新花园,1994,849,54
海淀,学院路学区,北京石油学院附属小学,二里庄小区,1990,271,33
海淀,学院路学区,北京石油学院附属小学,志新北里,1983,517,15
海淀,学院路学区,北京石油学院附属小学,石油大院,1970,438,66
海淀,学院路学区,北京石油学院附属小学,志新村,1989,887,29
海淀,学院路学区,北京石油学院附属小学,健翔园,1999,1082,6
海淀,学院路学区,北京市海淀区第三实验小学,展春园,1982,327,25
海淀,学院路学区,北京市海淀区第三实验小学,东王庄,1993,950,31
海淀,学院路学区,北京市海淀区第三实验小学,王庄路27号院,1983,618,10
海淀,学院路学区,北京市海淀区第三实验小学,西郊宾馆,1980,577,10
海淀,学院路学区,北京市海淀区第三实验小学,地质附中,1985,331,3
海淀,学院路学区,北京市海淀区第三实验小学,成府路20号院,1979,166,48
海淀,学院路学区,北京市海淀区第三实验小学,西王庄小区,1987,684,21
海淀,学院路学区,北京市海淀区第三实验小学,暂安处,2000,427,3
海淀,学院路学区,北京市海淀区东升实验小学,逸成东苑,2003,912,21
海淀,学院路学区,北京市海淀区东升实验小学,清枫华景园,2004,669,5
海淀,学院路学区,北京市海淀区东升实验小学,建清园,1997,671,10
海淀,学院路学区,北京市海淀区东升实验小学,红杉国际公寓,2010,1411,1
海淀,学院路学区,北京市海淀区东升实验小学,双清路16号院,1992,559,1
海淀,学院路学区,北京市海淀区清华东路小学,二里庄北里,1992,364,7
海淀,学院路学区,北京市海淀区清华东路小学,志新西路一号院,1998,437,2
海淀,学院路学区,中国农业大学附属实验小学,城华园,1998,983,8
海淀,学院路学区,中国农业大学附属实验小学,富润家园,2000,472,5
海淀,学院路学区,中国农业大学附属实验小学,静淑苑,1996,293,11
海淀,学院路学区,中国农业大学附属实验小学,清华东路27号院,1995,406,6
海淀,学院路学区,中国农业大学附属实验小学,文成杰座,2005,597,3
海淀,学院路学区,中国农业大学附属实验小学,学知园,1998,1005,4
海淀,学院路学区,中国农业大学附属实验小学,静淑东里,2002,258,3
海淀,学院路学区,中国农业大学附属实验小学,半导体宿舍,1983,901,8
海淀,学院路学区,中国农业大学附属实验小学,静淑东里,1997,207,6
海淀,学院路学区,中国农业大学附属实验小学,学知轩,2001,959,1
海淀,学院路学区,中国农业大学附属实验小学,清林苑,2001,1374,6
海淀,学院路学区,中国农业大学附属实验小学,学院路14号院,1976,493,9
海淀,学院路学区,中国农业大学附属实验小学,学院路甲9号院,1984,490,2
海淀,羊坊店学区,北京市海淀区翠微小学,翠微路2号院,1963,387,29
海淀,羊坊店学区,北京市海淀区翠微小学,翠微中里,1988,160,14
海淀,羊坊店学区,北京市海淀区翠微小学,翠微北里,1983,438,9
海淀,羊坊店学区,北京市海淀区翠微小学,普惠南里,1982,1108,20
海淀,羊坊店学区,北京市海淀区翠微小学,翠微东里,1988,470,11
海淀,羊坊店学区,北京市海淀区翠微小学,翠微南里,1963,429,19
海淀,羊坊店学区,北京市海淀区翠微小学,大件厂宿舍,1986,225,5
海淀,羊坊店学区,北京市海淀区翠微小学,柳林馆,1976,1232,17
海淀,羊坊店学区,北京市海淀区翠微小学,颐源居一期,1999,867,4
海淀,羊坊店学区,北京市海淀区翠微小学,翠微嘉园,2002,350,1
海淀,羊坊店学区,北京市海淀区翠微小学,静源居,2002,333,2
海淀,羊坊店学区,北京市海淀区翠微小学,颐源居二期,2000,784,5
海淀,羊坊店学区,北京市海淀区翠微小学,翠微路4号,1986,647,5
海淀,羊坊店学区,北京市海淀区翠微小学,万寿路24号院,1985,479,2
海淀,羊坊店学区,北京市海淀区翠微小学,颐源居三期,2003,562,5
海淀,羊坊店学区,北京市海淀区翠微小学,中塔园,1992,1030,7
海淀,羊坊店学区,北京市海淀区翠微小学,复兴路甲49号,1968,504,5
海淀,羊坊店学区,北京市海淀区翠微小学,翠微路17号院,1996,685,2
海淀,羊坊店学区,北京市海淀区翠微小学,翠微路26号院,1987,657,2
海淀,羊坊店学区,北京市海淀区翠微小学,翠微路甲9号院,1953,458,3
海淀,羊坊店学区,北京市海淀区翠微小学,翠微路平台村,1991,590,1
海淀,羊坊店学区,北京市海淀区翠微小学,翠微路十四号,1985,514,2
海淀,羊坊店学区,北京市海淀区翠微小学,中兴家园,2000,1042,1
海淀,羊坊店学区,北京市海淀区翠微小学,翠微西里,1992,520,6
海淀,羊坊店学区,北京市海淀区翠微小学,普惠北里,1986,828,9
海淀,羊坊店学区,北京市海淀区翠微小学,万寿路12号院,1994,266,3
海淀,羊坊店学区,北京市海淀区翠微小学,水利新宿舍,1995,984,1
海淀,羊坊店学区,北京市海淀区翠微小学,缘溪堂,2006,1285,3
海淀,羊坊店学区,北京市海淀区七一小学,华尔街观典,2008,353,3
海淀,羊坊店学区,北京市海淀区七一小学,橙色年代,2004,1434,5
海淀,羊坊店学区,北京市海淀区七一小学,莲花小区,1999,332,2
海淀,羊坊店学区,北京市海淀区七一小学,澐澐国际,2008,1113,1
海淀,羊坊店学区,北京市海淀区七一小学,铁路小区,1997,947,7
海淀,羊坊店学区,北京市海淀区七一小学,吴家村路10号院,1998,1265,1
海淀,羊坊店学区,北京市海淀区羊坊店第四小学,国海广场,2008,828,1
海淀,羊坊店学区,北京市海淀区羊坊店第四小学,羊坊店路3号院,1988,335,15
海淀,羊坊店学区,北京市海淀区羊坊店第四小学,测绘院宿舍,1964,69,4
海淀,羊坊店学区,北京市海淀区羊坊店第四小学,羊坊店路16号院,1975,255,12
海淀,羊坊店学区,北京市海淀区羊坊店第四小学,博望园,2002,375,4
海淀,羊坊店学区,北京市海淀区羊坊店第四小学,羊坊店居民楼,1982,249,3
海淀,羊坊店学区,北京市海淀区羊坊店第五小学,北蜂窝30号院,1955,414,18
海淀,羊坊店学区,北京市海淀区羊坊店第五小学,铁东小区,1983,315,22
海淀,羊坊店学区,北京市海淀区羊坊店第五小学,北蜂窝路5号院,1954,157,24
海淀,羊坊店学区,北京市海淀区羊坊店第五小学,北蜂窝路15号院,1985,98,6
海淀,羊坊店学区,北京市海淀区羊坊店第五小学,北蜂窝中路2号院,1983,299,2
海淀,羊坊店学区,北京市海淀区羊坊店第五小学,铁西小区,1990,470,10
海淀,羊坊店学区,北京市海淀区羊坊店第五小学,莲花池东路9号院,1997,512,3
海淀,羊坊店学区,北京市海淀区羊坊店第五小学,乔建里,1987,286,3
海淀,羊坊店学区,北京市海淀区羊坊店中心小学,会城门小区,1985,399,13
海淀,羊坊店学区,北京市海淀区羊坊店中心小学,电信小区,1979,146,12
海淀,羊坊店学区,北京市海淀区羊坊店中心小学,北蜂窝中路甲8号院,2003,263,4
海淀,羊坊店学区,北京市海淀区羊坊店中心小学,海天中心,2003,260,2
海淀,羊坊店学区,北京市海淀区羊坊店中心小学,铁医路1号院,1998,216,3
海淀,羊坊店学区,北京市海淀区羊坊店中心小学,玉渊潭南路9号院,1998,1155,19
海淀,羊坊店学区,北京市海淀区羊坊店中心小学,北蜂窝66号院,1996,44,1
海淀,羊坊店学区,北京市海淀区羊坊店中心小学,茂林居,1982,920,15
海淀,羊坊店学区,北京市海淀区羊坊店中心小学,水科院,1980,1029,19
海淀,羊坊店学区,北京市海淀区育鸿学校小学部,北蜂窝100号院,1988,828,9
海淀,永定路学区,北京教育学院附属海淀实验小学,兰德华庭,2002,620,10
海淀,永定路学区,北京教育学院附属海淀实验小学,永达逸家,2004,937,7
海淀,永定路学区,北京教育学院附属海淀实验小学,碧森里,2003,412,9
海淀,永定路学区,北京教育学院附属海淀实验小学,绿谷雅园,2004,2190,20
海淀,永定路学区,北京教育学院附属海淀实验小学,中国房子,2004,385,5
海淀,永定路学区,北京教育学院附属海淀实验小学,什坊院,1993,6693,2
海淀,永定路学区,北京市海淀区图强第二小学,金沟河3号院,1988,1053,14
海淀,永定路学区,北京市海淀区图强第二小学,乐府江南,2003,2097,13
海淀,永定路学区,北京市海淀区图强第二小学,永定华庭,2012,1382,4
海淀,永定路学区,北京市海淀区图强第二小学,金沟河5号院,1984,949,27
海淀,永定路学区,北京市海淀区图强第二小学,复兴路79号院,1986,257,19
海淀,永定路学区,北京市海淀区图强第二小学,嘉德公寓,1999,969,1
海淀,永定路学区,北京市海淀区图强第二小学,西四环中路41号院,1998,449,4
海淀,永定路学区,北京市海淀区图强第二小学,永定路18号院,1989,1467,1
海淀,永定路学区,北京市海淀区图强第二小学,万地名苑,2003,444,3
海淀,永定路学区,北京市海淀区图强第二小学,永定路70号院,1964,376,16
海淀,永定路学区,北京市海淀区五一小学晋元庄分校,建西苑北里,2004,230,10
海淀,永定路学区,北京市海淀区五一小学晋元庄分校,建西苑中里,2000,346,9
海淀,永定路学区,北京市海淀区五一小学晋元庄分校,建西苑南里,1998,495,12
海淀,永定路学区,北京市海淀区玉泉小学,玉海园二里,1997,267,20
海淀,永定路学区,北京市海淀区玉泉小学,玉海园三里,1999,165,27
海淀,永定路学区,北京市海淀区玉泉小学,玉海园五里,1997,176,21
海淀,永定路学区,北京市海淀区玉泉小学,玉海园一里,1998,314,18
海淀,永定路学区,北京市海淀区玉泉小学,泽丰苑一期,2002,418,9
海淀,永定路学区,北京市海淀区玉泉小学,泽丰苑二期,2000,325,5
海淀,永定路学区,北京市海淀区玉泉小学,永定路17号院,1995,579,2
海淀,永定路学区,北京市海淀区玉泉小学,金沟河17号院,1990,457,1
海淀,永定路学区,北京市海淀区玉泉小学,金沟河12号院,1990,630,7
海淀,永定路学区,北京市海淀区玉泉小学,永定路1号院,1973,763,8
海淀,永定路学区,北京市海淀区玉泉小学,玉阜嘉园,2003,351,5
海淀,永定路学区,北京市海淀区玉泉小学,玉泉路15号院,1986,654,9
海淀,中关村学区,北京市海淀区双榆树第一小学,满庭芳园,1999,427,8
海淀,中关村学区,北京市海淀区双榆树第一小学,双榆树北路,1985,365,12
海淀,中关村学区,北京市海淀区双榆树第一小学,榆苑公寓,1996,518,4
海淀,中关村学区,北京市海淀区双榆树第一小学,都市网景,1999,556,3
海淀,中关村学区,北京市海淀区双榆树第一小学,金谷园,1998,815,5
海淀,中关村学区,北京市海淀区双榆树第一小学,知春路56号院,1990,1039,9
海淀,中关村学区,北京市海淀区双榆树第一小学,知春路52号院,1988,1099,4
海淀,中关村学区,北京市海淀区双榆树第一小学,青云北区,1978,697,15
海淀,中关村学区,北京市海淀区双榆树第一小学,双榆树北路6号院,1988,391,2
海淀,中关村学区,北京市海淀区双榆树第一小学,盈都大厦,2004,1164,1
海淀,中关村学区,北京市海淀区双榆树第一小学,汉荣家园,2000,953,3
海淀,中关村学区,北京市海淀区双榆树中心小学,双榆树西里,1983,102,8
海淀,中关村学区,北京市海淀区双榆树中心小学,双榆树北里,1985,217,24
海淀,中关村学区,北京市海淀区中关村第二小学,科源小区,1958,537,47
海淀,中关村学区,北京市海淀区中关村第二小学,清华园铁路宿舍,1982,705,4
海淀,中关村学区,北京市海淀区中关村第二小学,清华园,1979,646,7
海淀,中关村学区,北京市海淀区中关村第二小学,水清木华园,1999,464,6
海淀,中关村学区,北京市海淀区中关村第二小学,中关村北一条,1981,27,10
海淀,中关村学区,北京市海淀区中关村第二小学华清校区,华清嘉园,1995,176,18
海淀,中关村学区,北京市海淀区中关村第二小学华清校区,东升园,1996,174,10
海淀,中关村学区,北京市海淀区中关村第二小学华清校区,龙湖唐宁one,2011,389,7
海淀,中关村学区,北京市海淀区中关村第二小学华清校区,北河沿,1988,2009,4
海淀,中关村学区,北京市海淀区中关村第二小学华清校区,中关村三才堂,1990,222,1
海淀,中关村学区,北京市海淀区中关村第二小学华清校区,成府公馆,2008,278,2
海淀,中关村学区,北京市海淀区中关村第四小学,太阳园,2000,117,14
海淀,中关村学区,北京市海淀区中关村第一小学,东南小区,1982,419,47
海淀,中关村学区,北京市海淀区中关村第一小学,科育小区,1950,131,55
海淀,中关村学区,北京市海淀区中关村第一小学,怡升园,2000,1099,1
海淀,中关村学区,北京市海淀区中关村第一小学,黄庄小区,1963,697,35
海淀,中关村学区,北京市海淀区中关村第一小学,教委计生委大院,1995,1174,4
海淀,中关村学区,北京市海淀区中关村第一小学,航天社区,1990,854,6
海淀,中关村学区,北京市海淀区中关村第一小学,中关村,1991,1040,9
海淀,中关村学区,北京市海淀区中关村第一小学,新科祥园,2002,213,9
海淀,中关村学区,北京市海淀区中关村第一小学,科熙小区,1992,234,2
海淀,中关村学区,北京市海淀区中关村第一小学,软件园小区,1992,1107,4
海淀,中关村学区,北京市海淀区中关村第一小学,中关村南三街,1993,569,2
海淀,中关村学区,中国人民大学附属中学实验小学,知春里,1987,105,27
海淀,中关村学区,中国人民大学附属中学实验小学,荣上居,2006,1621,1
海淀,中关村学区,中国人民大学附属中学实验小学,知春东里,1985,626,11
海淀,中关村学区,中国人民大学附属中学实验小学,大泥湾,1990,375,6
海淀,中关村学区,中国人民大学附属中学实验小学,知春路47号院,1996,1551,1
海淀,中关村学区,中国人民大学附属中学实验小学,知春路57号院,1998,1299,1
海淀,中关村学区,中国人民大学附属中学实验小学,豪景佳苑,1998,120,2
海淀,中关村学区,中国人民大学附属中学实验小学,理想大厦,1999,221,1
海淀,紫竹院学区,北京理工大学附属中学小学部,华澳中心,1999,112,3
海淀,紫竹院学区,北京理工大学附属中学小学部,北无宿舍,1982,69,10
海淀,紫竹院学区,北京理工大学附属中学小学部,10号名邸,2005,712,2
海淀,紫竹院学区,北京理工大学附属中学小学部,美林花园,2000,305,4
海淀,紫竹院学区,北京理工大学附属中学小学部,车道沟10号院,1963,814,22
海淀,紫竹院学区,北京理工大学附属中学小学部,长昆名居,2003,826,2
海淀,紫竹院学区,北京理工大学附属中学小学部,汇景阁,1999,261,1
海淀,紫竹院学区,北京理工大学附属中学小学部,半壁街南路1号院,1988,354,5
海淀,紫竹院学区,北京理工大学附属中学小学部,车道沟东里,1986,511,4
海淀,紫竹院学区,北京市海淀区花园村第二小学,海赋国际,2005,193,2
海淀,紫竹院学区,北京市海淀区花园村第二小学,豪柏大厦,2005,1001,1
海淀,紫竹院学区,北京市海淀区花园村第二小学,车公庄西路38号院,1980,428,3
海淀,紫竹院学区,北京市海淀区花园村第二小学,三虎桥,1985,837,10
海淀,紫竹院学区,北京市海淀区花园村第二小学,首体宿舍,1985,910,1
海淀,紫竹院学区,北京市海淀区花园村第二小学,增光佳苑,2004,657,3
海淀,紫竹院学区,北京市海淀区花园村第二小学,中海馥园,2003,342,4
海淀,紫竹院学区,北京市海淀区花园村第二小学,花园村小区,1970,198,11
海淀,紫竹院学区,北京市海淀区花园村第二小学,车公庄西路45号院,1979,689,3
海淀,紫竹院学区,北京市海淀区花园村第二小学,劳动关系学院,1987,346,18
海淀,紫竹院学区,北京市海淀区花园村第二小学,三虎桥南路25号院,1978,499,5
海淀,紫竹院学区,北京市海淀区花园村第二小学,紫竹院南路20号院,1965,259,14
海淀,紫竹院学区,北京市海淀区花园村第二小学,车公庄西路16号院,1979,449,3
海淀,紫竹院学区,北京市海淀区花园村第二小学,景王坟,1975,594,1
海淀,紫竹院学区,北京市海淀区花园村第二小学,老虎庙,1981,460,1
海淀,紫竹院学区,北京市海淀区花园村第二小学,赛迪大厦,2001,1150,1
海淀,紫竹院学区,北京市海淀区花园村第二小学,三虎桥南路8号院,1990,611,3
海淀,紫竹院学区,北京市海淀区花园村第二小学,增光路43号院,1985,350,3
海淀,紫竹院学区,北京市海淀区花园村第二小学,紫竹院南路4号院,1975,724,8
海淀,紫竹院学区,北京市海淀区花园村第二小学,紫竹院南路甲1号,1989,840,1
海淀,紫竹院学区,北京市海淀区花园村第二小学,北京市人民检察院宿舍,1985,849,1
海淀,紫竹院学区,北京市海淀区花园村第二小学,昌运宫,1984,1227,4
海淀,紫竹院学区,北京市海淀区花园村第二小学,西三环北路56号院,1980,820,3
海淀,紫竹院学区,北京市海淀区实验小学北洼路校区,车道沟南里,1984,119,32
海淀,紫竹院学区,北京市海淀区实验小学北洼路校区,紫竹花园,2000,298,6
海淀,紫竹院学区,北京市海淀区实验小学北洼路校区,财智公馆,2004,107,1
海淀,紫竹院学区,北京市海淀区实验小学北洼路校区,世纪新景,2003,319,6
海淀,紫竹院学区,北京市海淀区实验小学北洼路校区,双紫小区,1998,330,4
海淀,紫竹院学区,北京市海淀区实验小学北洼路校区,紫竹院小区,1988,550,3
海淀,紫竹院学区,北京市海淀区实验小学北洼路校区,富丽小区,1999,464,6
海淀,紫竹院学区,北京市海淀区实验小学北洼路校区,北洼东里,1998,558,4
海淀,紫竹院学区,北京市海淀区实验小学北洼路校区,北洼西里53号,2002,543,1
海淀,紫竹院学区,北京市海淀区实验小学北洼路校区,昌运宫9号院,1984,458,2
海淀,紫竹院学区,北京市海淀区实验小学苏州街分校,厂洼小区,1987,753,22
海淀,紫竹院学区,北京市海淀区实验小学苏州街分校,厂洼西街10号院,1998,393,4
海淀,紫竹院学区,北京市海淀区实验小学苏州街分校,厂洼西街6号院,2005,432,1
海淀,紫竹院学区,北京市海淀区实验小学苏州街分校,厂洼街3号院,1987,87,1
海淀,紫竹院学区,北京市海淀区实验小学苏州街分校,厂洼西街1号院,1989,112,5
海淀,紫竹院学区,北京市海淀区实验小学苏州街分校,美丽园,2000,2857,1
海淀,紫竹院学区,北京市海淀区实验小学苏州街分校,西三环北路23号院,1988,279,4
海淀,紫竹院学区,北京市海淀区实验小学苏州街分校,西三环北路27号院,1984,584,2
海淀,紫竹院学区,北京市海淀区首都师范大学实验小学,建设部大院,1959,627,36
海淀,紫竹院学区,北京市海淀区首都师范大学实验小学,机械研究院西区,1975,831,8
海淀,紫竹院学区,北京市海淀区首都师范大学实验小学,主语家园,2007,596,15
海淀,紫竹院学区,北京市海淀区首都师范大学实验小学,车公庄西路甲7号院,1990,53,2
海淀,紫竹院学区,北京市海淀区首都师范大学实验小学,彩电宿舍,1980,726,2
海淀,紫竹院学区,北京市海淀区首都师范大学实验小学,车公庄西路20号院,1975,627,15
海淀,紫竹院学区,北京市海淀区首都师范大学实验小学,三里河路5号院,1955,94,11
海淀,紫竹院学区,北京市海淀区首都师范大学实验小学,中纺宿舍,1960,562,10
海淀,紫竹院学区,北京市海淀区首都师范大学实验小学,甘家口小区,1960,669,1
海淀,紫竹院学区,北京市海淀区首都师范大学实验小学,国兴家园,2000,279,7
海淀,紫竹院学区,北京市海淀区首都师范大学实验小学,新苑街10号院,1977,201,2
海淀,紫竹院学区,北京外国语大学附属小学,人济山庄,2001,1056,8
海淀,紫竹院学区,北京外国语大学附属小学,魏公村小区,1979,458,27
海淀,紫竹院学区,北京外国语大学附属小学,中海紫金苑,2002,757,3
海淀,紫竹院学区,北京外国语大学附属小学,民族大学南路19号院,1985,656,5
海淀,紫竹院学区,北京外国语大学附属小学,私摩空间,2004,74,1
海淀,紫竹院学区,北京外国语大学附属小学,法华寺小区,1994,180,2
海淀,紫竹院学区,北京外国语大学附属小学,韦伯豪家园,2000,719,8
海淀,紫竹院学区,北京外国语大学附属小学,万寿寺北里,1960,72,13
海淀,紫竹院学区,北京外国语大学附属小学,民族大学南路11号院,1985,643,2
海淀,紫竹院学区,北京外国语大学附属小学,魏公村8号院,1996,696,5
海淀,紫竹院学区,北京外国语大学附属小学,鑫德嘉园,2001,500,1
东城,安定门、交道口学区,北京市第五中学分校附属方家胡同小学,官书院,2002,395,2
东城,安定门、交道口学区,北京市第五中学分校附属方家胡同小学,交道口北二条35号院,1982,282,2
东城,安定门、交道口学区,北京市第五中学分校附属方家胡同小学,文津世家,2004,153,1
东城,安定门、交道口学区,北京市第五中学分校附属方家胡同小学,交道口北三条,1985,101,32
东城,安定门、交道口学区,北京市第五中学分校附属方家胡同小学,永康胡同18号院,1984,551,3
东城,安定门、交道口学区,北京市第五中学分校附属方家胡同小学,永康胡同1号院,2002,433,3
东城,安定门、交道口学区,北京市第五中学分校附属方家胡同小学,永康胡同5号院,1982,512,3
东城,安定门、交道口学区,北京市东城区分司厅小学,国祥胡同4号院,1982,731,2
东城,安定门、交道口学区,北京市东城区分司厅小学,安馨园,2003,383,3
东城,安定门、交道口学区,北京市东城区分司厅小学,宝钞苑,2001,748,1
东城,安定门、交道口学区,北京市东城区分司厅小学,车辇店胡同,1999,277,14
东城,安定门、交道口学区,北京市东城区分司厅小学,东公街64号院,1985,247,2
东城,安定门、交道口学区,北京市东城区分司厅小学,朗家胡同13号院,1990,513,3
东城,安定门、交道口学区,北京市东城区分司厅小学,京香福苑,2002,215,3
东城,安定门、交道口学区,北京市东城区分司厅小学,中绦胡同甲2号院,1985,790,2
东城,安定门、交道口学区,北京市东城区府学胡同小学,交道口东大街,2003,494,5
东城,安定门、交道口学区,北京市东城区府学胡同小学,香饵胡同,2002,374,32
东城,安定门、交道口学区,北京市东城区府学胡同小学,金隆基大厦,2000,1153,1
东城,安定门、交道口学区,北京市东城区府学胡同小学,什锦花园胡同21号院,1970,721,3
东城,安定门、交道口学区,北京市东城区府学胡同小学,土儿胡同,1985,492,6
东城,安定门、交道口学区,北京市东城区黑芝麻胡同小学,鼓楼东大街,1988,279,116
东城,安定门、交道口学区,北京市东城区黑芝麻胡同小学,菊儿胡同,1985,231,29
东城,安定门、交道口学区,北京市东城区黑芝麻胡同小学,碾子胡同,不详,1144,64
东城,安定门、交道口学区,北京市东城区黑芝麻胡同小学,北河沿大街,1985,801,1
东城,北新桥、东直门学区,北京景山学校北校区小学部,民安小区东直门内北小街,1931,706,2
东城,北新桥、东直门学区,北京景山学校北校区小学部,民安小区东直门北中街,1985,606,4
东城,北新桥、东直门学区,北京景山学校北校区小学部,东直门内北小街16号,2003,250,2
东城,北新桥、东直门学区,北京景山学校北校区小学部,东直门内北小街2号院,2003,96,1
东城,北新桥、东直门学区,北京景山学校北校区小学部,民安小区东羊管胡同,2002,713,3
东城,北新桥、东直门学区,北京景山学校北校区小学部,东直门内北小街8号院,2003,39,4
东城,北新桥、东直门学区,北京景山学校北校区小学部,华冠丽景,2003,346,4
东城,北新桥、东直门学区,北京景山学校北校区小学部,北官厅胡同甲二号院,1993,203,3
东城,北新桥、东直门学区,北京景山学校北校区小学部,民安小区东扬威街,2002,640,4
东城,北新桥、东直门学区,北京景山学校北校区小学部,北官厅胡同,1984,121,5
东城,北新桥、东直门学区,北京景山学校北校区小学部,东直门内大街,1940,858,1
东城,北新桥、东直门学区,北京景山学校北校区小学部,安定门东大街,1985,370,2
东城,北新桥、东直门学区,北京景山学校北校区小学部,民安小区民安街,2002,545,3
东城,北新桥、东直门学区,北京景山学校北校区小学部,NAGA上院,2008,753,3
东城,北新桥、东直门学区,北京市东城区东四十四条小学,大菊胡同,1956,433,36
东城,北新桥、东直门学区,北京市东城区东四十四条小学,西仓门胡同,不详,333,13
东城,北新桥、东直门学区,北京市东城区东四十四条小学,东四十一条,1988,256,73
东城,北新桥、东直门学区,北京市东城区史家实验学校,元嘉国际公寓,1995,152,2
东城,北新桥、东直门学区,北京市东城区史家实验学校,东中街,1982,190,8
东城,北新桥、东直门学区,北京市东城区史家实验学校,聚龙花园,1993,762,9
东城,北新桥、东直门学区,北京市东城区史家实验学校,海晟名苑,2003,343,22
东城,北新桥、东直门学区,北京市东城区史家实验学校,东方银座,2003,427,4
东城,北新桥、东直门学区,北京市东城区史家实验学校,东外公馆,2007,380,2
东城,北新桥、东直门学区,北京市东城区史家实验学校,东直门南大街,1990,298,4
东城,北新桥、东直门学区,北京市东城区史家实验学校,瑞士公寓,2007,445,1
东城,北新桥、东直门学区,北京市东城区史家实验学校,十字坡西里,1981,308,10
东城,北新桥、东直门学区,北京市东城区史家实验学校,新中西街,1990,505,9
东城,北新桥、东直门学区,北京市东城区史家实验学校,新中西里,1983,273,19
东城,北新桥、东直门学区,北京市东城区史家实验学校,阳光都市,2000,267,4
东城,北新桥、东直门学区,北京市东城区史家实验学校,工体3号,2005,943,1
东城,北新桥、东直门学区,北京市东城区史家实验学校,工体西路,1992,1028,1
东城,北新桥、东直门学区,北京市东城区史家实验学校,铜厂子胡同,1979,49,1
东城,北新桥、东直门学区,北京市东城区史家小学分校,海运仓小区,2003,234,16
东城,北新桥、东直门学区,北京市东城区史家小学分校,仓夹道,2003,112,3
东城,北新桥、东直门学区,北京市东城区史家小学分校,南门仓胡同,1989,707,1
东城,北新桥、东直门学区,北京市东城区西中街小学,万国城MOMA,2002,872,10
东城,北新桥、东直门学区,北京市东城区西中街小学,海晟国际公寓,2008,152,2
东城,北新桥、东直门学区,北京市东城区西中街小学,当代MOMA,2006,1194,12
东城,北新桥、东直门学区,北京市东城区西中街小学,十字坡东里,1986,158,9
东城,北新桥、东直门学区,北京市东城区西中街小学,东直门外大街,1976,249,3
东城,北新桥、东直门学区,北京市东城区西中街小学,春秀路,1980,328,12
东城,北新桥、东直门学区,北京市东城区西中街小学,香河园北里,1984,1287,4
东城,北新桥、东直门学区,北京市东城区西中街小学,东直门北大街,1987,570,6
东城,北新桥、东直门学区,北京市东直门中学雍和宫小学部,后永康胡同2号院4号院,1981,541,3
东城,北新桥、东直门学区,北京市东直门中学雍和宫小学部,炮局头条,1970,300,8
东城,北新桥、东直门学区,北京市东直门中学雍和宫小学部,育树四条,1983,651,5
东城,北新桥、东直门学区,北京市东直门中学雍和宫小学部,北新桥三条64号院,1985,508,1
东城,北新桥、东直门学区,北京市中央工艺美院附中艺美小学,胡家园小区,1985,338,19
东城,北新桥、东直门学区,北京市中央工艺美院附中艺美小学,察慈小区,1990,517,5
东城,东花市、崇文门、前门学区,北京市崇文小学,新景家园东区,2002,317,15
东城,东花市、崇文门、前门学区,北京市崇文小学,新景家园西区,2001,571,9
东城,东花市、崇文门、前门学区,北京市崇文小学,花市枣苑一期,2003,278,4
东城,东花市、崇文门、前门学区,北京市崇文小学,花市枣苑三期,2004,132,3
东城,东花市、崇文门、前门学区,北京市崇文小学,花市枣苑二期,2003,135,2
东城,东花市、崇文门、前门学区,北京市东城区回民实验小学,国瑞城中区,2003,397,5
东城,东花市、崇文门、前门学区,北京市东城区回民实验小学,国瑞城东区,2005,196,3
东城,东花市、崇文门、前门学区,北京市东城区回民实验小学,国瑞城西区,2008,728,1
东城,东花市、崇文门、前门学区,北京市东城区回民实验小学,东后河沿,1999,230,4
东城,东花市、崇文门、前门学区,北京市东城区回民实验小学,宝润苑,1998,214,2
东城,东花市、崇文门、前门学区,北京市东城区回民实验小学,崇文门东大街,1980,365,3
东城,东花市、崇文门、前门学区,北京市东城区前门小学,兴隆都市馨园,2002,486,21
东城,东花市、崇文门、前门学区,北京市东城区前门小学,新怡家园,2004,160,8
东城,东花市、崇文门、前门学区,北京市东城区前门小学,崇文门西大街,1979,194,3
东城,东花市、崇文门、前门学区,北京市东城区前门小学,太华公寓,2000,391,2
东城,东花市、崇文门、前门学区,北京市东城区前门小学,新世界家园,2000,524,6
东城,东花市、崇文门、前门学区,北京市东城区前门小学,前门东大街,1979,713,6
东城,东花市、崇文门、前门学区,北京市东城区文汇小学,金桥国际,2004,325,3
东城,东花市、崇文门、前门学区,北京市东城区文汇小学,金世纪嘉园,2003,218,4
东城,东花市、崇文门、前门学区,北京市东城区文汇小学,东环居苑,2004,88,5
东城,东花市、崇文门、前门学区,北京市东城区文汇小学,领行国际,2004,471,2
东城,东花市、崇文门、前门学区,北京市东城区文汇小学,京城仁合,2002,412,3
东城,东花市、崇文门、前门学区,北京市东城区文汇小学,远洋德邑,2002,88,3
东城,东花市、崇文门、前门学区,北京市东城区文汇小学,广渠门内大街,1960,424,1
东城,东花市、崇文门、前门学区,北京市东城区文汇小学,丽水湾畔家园,2002,351,3
东城,东花市、崇文门、前门学区,北京市东城区文汇小学,忠实里,1980,220,4
东城,东花市、崇文门、前门学区,北京市广渠门中学附属花市小学,本家润园三期,2004,725,2
东城,东花市、崇文门、前门学区,北京市广渠门中学附属花市小学,东花市北里中区,1994,199,25
东城,东花市、崇文门、前门学区,北京市广渠门中学附属花市小学,富贵园一区,2003,417,11
东城,东花市、崇文门、前门学区,北京市广渠门中学附属花市小学,东花市北里西区,1990,224,13
东城,东花市、崇文门、前门学区,北京市广渠门中学附属花市小学,富贵园二区,2003,512,3
东城,东花市、崇文门、前门学区,北京市广渠门中学附属花市小学,富贵园三区,2002,584,7
东城,东花市、崇文门、前门学区,北京市广渠门中学附属花市小学,富贵园四区,2006,666,3
东城,东花市、崇文门、前门学区,北京市广渠门中学附属花市小学,本家润园一期,2003,712,8
东城,东花市、崇文门、前门学区,北京市广渠门中学附属花市小学,东花市北里东区,1988,449,10
东城,东花市、崇文门、前门学区,北京市广渠门中学附属花市小学,东花市大街2号院,1980,660,4
东城,东花市、崇文门、前门学区,北京市广渠门中学附属花市小学,花市东三条,1976,592,3
东城,东花市、崇文门、前门学区,北京市广渠门中学附属花市小学,中国强胡同,1960,509,2
东城,东四、朝阳门、建国门学区,北京市第二中学新鲜小学,后芳嘉园胡同,2002,129,3
东城,东四、朝阳门、建国门学区,北京市第二中学新鲜小学,南竹杆胡同,2003,145,5
东城,东四、朝阳门、建国门学区,北京市第二中学新鲜小学,西水井胡同,1960,226,5
东城,东四、朝阳门、建国门学区,北京市第二中学新鲜小学,竹杆胡同,2003,299,8
东城,东四、朝阳门、建国门学区,北京市第二中学新鲜小学,芳嘉园胡同,2003,150,10
东城,东四、朝阳门、建国门学区,北京市第二中学新鲜小学,朝阳门南小街,1970,287,2
东城,东四、朝阳门、建国门学区,北京市第二中学新鲜小学,大方家胡同,1990,250,12
东城,东四、朝阳门、建国门学区,北京市东城区东四九条小学,东四十条甲34号院,1988,713,3
东城,东四、朝阳门、建国门学区,北京市东城区东四九条小学,东四八条,1990,583,59
东城,东四、朝阳门、建国门学区,北京市东城区东四九条小学,东四十条甲100号院,1990,45,1
东城,东四、朝阳门、建国门学区,北京市东城区史家胡同小学,豆瓣胡同,2003,1390,4
东城,东四、朝阳门、建国门学区,北京市东城区史家胡同小学,仓南胡同14号院,1993,1219,2
东城,东四、朝阳门、建国门学区,北京市东城区史家胡同小学,朝阳门北小街,1990,1791,25
东城,东四、朝阳门、建国门学区,北京市东城区史家胡同小学,禄米仓胡同,1969,1141,39
东城,东四、朝阳门、建国门学区,北京市东城区西总布小学,西总布胡同55号院,1990,389,2
东城,东四、朝阳门、建国门学区,北京市东城区西总布小学,大羊宜宾胡同31号院,1990,461,2
东城,东四、朝阳门、建国门学区,北京市东城区西总布小学,大羊宜宾胡同35号院,1988,314,2
东城,东四、朝阳门、建国门学区,北京市东城区西总布小学,外交部街,1990,416,21
东城,东四、朝阳门、建国门学区,北京市东城区西总布小学,西总布胡同,1988,343,16
东城,东四、朝阳门、建国门学区,北京市新开路东总布小学,建国门北大街,1988,1143,2
东城,东四、朝阳门、建国门学区,北京市新开路东总布小学,赵堂子胡同,1985,591,9
东城,东四、朝阳门、建国门学区,北京市新开路东总布小学,东总布胡同,1990,775,36
东城,东四、朝阳门、建国门学区,北京市新开路东总布小学,北总布胡同,1988,886,7
东城,东四、朝阳门、建国门学区,北京市新开路东总布小学,小羊宜宾胡同,1988,767,5
东城,东四、朝阳门、建国门学区,北京市新开路东总布小学,阳照胡同,1990,661,1
东城,和平里学区,北京市第一七一中学青年湖小学部,六铺炕,1975,415,14
东城,和平里学区,北京市第一七一中学青年湖小学部,湖景苑,1999,120,4
东城,和平里学区,北京市第一七一中学青年湖小学部,青年湖南街,1992,357,1
东城,和平里学区,北京市东城区安外三条小学,西营房,2003,274,4
东城,和平里学区,北京市东城区安外三条小学,上龙西里,1988,197,12
东城,和平里学区,北京市东城区安外三条小学,中景濠庭,2001,801,3
东城,和平里学区,北京市东城区安外三条小学,青年湖东里,1980,259,20
东城,和平里学区,北京市东城区安外三条小学,安德路47号院,1977,493,17
东城,和平里学区,北京市东城区安外三条小学,青年湖北里,1987,399,9
东城,和平里学区,北京市东城区安外三条小学,三秀涵雅,2000,350,1
东城,和平里学区,北京市东城区安外三条小学,华府景园,2001,743,5
东城,和平里学区,北京市东城区安外三条小学,安德路55号院,1958,651,32
东城,和平里学区,北京市东城区安外三条小学,安德路乙61号院,1989,1056,11
东城,和平里学区,北京市东城区安外三条小学,巷上嘉园,2005,702,3
东城,和平里学区,北京市东城区安外三条小学,京宝花园,1994,144,1
东城,和平里学区,北京市东城区安外三条小学,上龙嘉园,1996,109,2
东城,和平里学区,北京市东城区安外三条小学,黄寺大街2号院,1990,535,2
东城,和平里学区,北京市东城区地坛小学,安外花园,1979,377,10
东城,和平里学区,北京市东城区地坛小学,安外大街80号院,1987,146,4
东城,和平里学区,北京市东城区地坛小学,兴化西里,1976,126,17
东城,和平里学区,北京市东城区和平里第九小学,和平里七区,1958,79,32
东城,和平里学区,北京市东城区和平里第三小学,小黄庄一区,1990,383,10
东城,和平里学区,北京市东城区和平里第三小学,青年沟,1976,327,1
东城,和平里学区,北京市东城区和平里第三小学,小黄庄二区,1994,221,3
东城,和平里学区,北京市东城区和平里第三小学,安定路,1993,986,5
东城,和平里学区,北京市东城区和平里第三小学,安圣苑,2000,1309,2
东城,和平里学区,北京市东城区和平里第三小学,胜古中路1号院,1996,881,1
东城,和平里学区,北京市东城区和平里第四小学,民旺园,1960,796,24
东城,和平里学区,北京市东城区和平里第四小学,安外东河沿,1980,1768,13
东城,和平里学区,北京市东城区和平里第四小学,和平新城一期,2001,712,4
东城,和平里学区,北京市东城区和平里第四小学,雍和家园一期,2003,1098,5
东城,和平里学区,北京市东城区和平里第四小学,和平里东街10号院,2004,160,4
东城,和平里学区,北京市东城区和平里第四小学,和平里东街15号院,1988,786,3
东城,和平里学区,北京市东城区和平里第四小学,民委三舍,2001,220,1
东城,和平里学区,北京市东城区和平里第四小学,雍和家园二期,2005,1152,3
东城,和平里学区,北京市东城区和平里第一小学,地坛北里,1976,398,12
东城,和平里学区,北京市东城区和平里第一小学,和平里六区,1993,556,9
东城,和平里学区,北京市东城区和平里第一小学,和平里五区,1996,378,15
东城,和平里学区,北京市东城区和平里第一小学,和平里一区,1983,86,4
东城,和平里学区,北京市东城区和平里第一小学,地坛北门,1975,578,2
东城,和平里学区,北京市东城区和平里第一小学,和平里三区,1996,158,6
东城,景山、东华门学区,北京市第一六六中学附属校尉胡同小学,东华门大街,1988,926,9
东城,景山、东华门学区,北京市第一六六中学附属校尉胡同小学,灯市口大街,1986,501,7
东城,景山、东华门学区,北京市第一六六中学附属校尉胡同小学,西堂子胡同,1940,207,8
东城,景山、东华门学区,北京市第一六六中学附属校尉胡同小学,锡拉胡同21号院,1988,638,3
东城,景山、东华门学区,北京市东城区灯市口小学,玉石胡同,1990,214,4
东城,景山、东华门学区,北京市东城区灯市口小学,东厂胡同,1985,402,14
东城,景山、东华门学区,北京市东城区灯市口小学,三眼井胡同,1989,1306,31
东城,景山、东华门学区,北京市东城区东交民巷小学,东交民巷32号院,1979,490,1
东城,景山、东华门学区,北京市东城区东交民巷小学,前门东大街1号,不详,320,1
东城,龙潭、体育馆路学区,北京市东城区板厂小学,水上华城,2004,453,5
东城,龙潭、体育馆路学区,北京市东城区板厂小学,南水关,1975,763,3
东城,龙潭、体育馆路学区,北京市东城区板厂小学,绿景苑,1999,416,5
东城,龙潭、体育馆路学区,北京市东城区板厂小学,夕照寺西里,1956,712,16
东城,龙潭、体育馆路学区,北京市东城区板厂小学,绿景馨园,2003,644,6
东城,龙潭、体育馆路学区,北京市东城区板厂小学,怡龙别墅,1994,1239,30
东城,龙潭、体育馆路学区,北京市东城区板厂小学,光明楼,1950,179,13
东城,龙潭、体育馆路学区,北京市东城区板厂小学,板厂新里,1976,207,2
东城,龙潭、体育馆路学区,北京市东城区培新小学,法华南里,1991,530,8
东城,龙潭、体育馆路学区,北京市东城区培新小学,新裕家园,2004,885,3
东城,龙潭、体育馆路学区,北京市东城区培新小学,安化北里,1960,520,10
东城,龙潭、体育馆路学区,北京市东城区培新小学,保利蔷薇,2006,279,3
东城,龙潭、体育馆路学区,北京市东城区培新小学,培新街乙5号院,1999,82,4
东城,龙潭、体育馆路学区,北京市东城区培新小学,幸福南里,1960,624,14
东城,龙潭、体育馆路学区,北京市东城区培新小学,北京上舍,2008,481,5
东城,龙潭、体育馆路学区,北京市东城区培新小学,幸福家园二期,2003,364,3
东城,龙潭、体育馆路学区,北京市东城区培新小学,幸福家园一期,2002,408,3
东城,龙潭、体育馆路学区,北京市东城区培新小学,安化南里,1985,309,3
东城,龙潭、体育馆路学区,北京市东城区培新小学,幸福北里,1960,219,30
东城,龙潭、体育馆路学区,北京市东城区培新小学,幸福家园三期,2005,239,10
东城,龙潭、体育馆路学区,北京市东城区体育馆路小学,左安浦园,2004,1606,5
东城,龙潭、体育馆路学区,北京市东城区体育馆路小学,长青园,1988,1048,15
东城,龙潭、体育馆路学区,北京市东城区体育馆路小学,左安溪园,2004,1502,1
东城,龙潭、体育馆路学区,北京市东城区体育馆路小学,左安漪园,2004,1831,8
东城,龙潭、体育馆路学区,北京市东城区体育馆路小学,营房西街,1990,116,6
东城,龙潭、体育馆路学区,北京市东城区体育馆路小学,火桥北里,1970,791,6
东城,龙潭、体育馆路学区,北京市东城区体育馆路小学,鸿运花园,1996,1147,6
东城,龙潭、体育馆路学区,北京市东城区体育馆路小学,龙潭西里,1975,736,7
东城,龙潭、体育馆路学区,北京市东城区体育馆路小学,西四块玉,1960,726,2
东城,龙潭、体育馆路学区,北京市东城区体育馆路小学,东四块玉北街,1990,394,4
东城,龙潭、体育馆路学区,北京市东城区体育馆路小学,东四块玉南街30号院,1980,926,2
东城,龙潭、体育馆路学区,北京市东城区体育馆路小学,体育馆路13号,1987,455,1
东城,龙潭、体育馆路学区,北京市东城区体育馆路小学,体育馆西路2号院,1990,280,4
东城,龙潭、体育馆路学区,北京市东城区体育馆路小学,东四块玉南街甲9号楼,1980,812,1
东城,龙潭、体育馆路学区,北京市光明小学,龙潭北里三条,1965,566,4
东城,龙潭、体育馆路学区,北京市光明小学,龙潭北里四条,1960,654,5
东城,龙潭、体育馆路学区,北京市光明小学广渠校区,冠城名敦道,2009,227,10
东城,龙潭、体育馆路学区,北京市光明小学广渠校区,广渠家园,2009,174,4
东城,天坛、永定门外学区,北京市第一师范学校附属小学,景泰东里,1994,278,5
东城,天坛、永定门外学区,北京市第一师范学校附属小学,17号旁门,1986,65,1
东城,天坛、永定门外学区,北京市第一师范学校附属小学,城市亮点,2002,1196,3
东城,天坛、永定门外学区,北京市第一师范学校附属小学,桃园南街10号院,1980,1348,2
东城,天坛、永定门外学区,北京市第一师范学校附属小学,李村东里,1970,216,11
东城,天坛、永定门外学区,北京市第一师范学校附属小学,琉璃井东街,1980,585,4
东城,天坛、永定门外学区,北京市第一师范学校附属小学,李村南里,1980,112,4
东城,天坛、永定门外学区,北京市第一师范学校附属小学,民主北街22号院,1970,1182,4
东城,天坛、永定门外学区,北京市第一师范学校附属小学,桃杨路北里12号院,1999,851,1
东城,天坛、永定门外学区,北京市第一师范学校附属小学,永定门外大街,1979,1302,4
东城,天坛、永定门外学区,北京市第一师范学校附属小学,杨家园西里,1980,806,3
东城,天坛、永定门外学区,北京市第一师范学校附属小学,桃园东里17号院,1980,903,3
东城,天坛、永定门外学区,北京市第一师范学校附属小学,琉璃井路,1987,769,5
东城,天坛、永定门外学区,北京市第一师范学校附属小学,桃杨路北里,1980,783,1
东城,天坛、永定门外学区,北京市东城区宝华里小学,华龙美晟,2009,243,5
东城,天坛、永定门外学区,北京市东城区宝华里小学,天天家园,2002,347,11
东城,天坛、永定门外学区,北京市东城区宝华里小学,沙子口路50号,1998,139,1
东城,天坛、永定门外学区,北京市东城区宝华里小学,沙子口路65号,1985,55,1
东城,天坛、永定门外学区,北京市东城区宝华里小学,沙子口路61号,1987,38,1
东城,天坛、永定门外学区,北京市东城区定安里小学,景泰西里西区,2003,304,16
东城,天坛、永定门外学区,北京市东城区定安里小学,定安里,1963,184,15
东城,天坛、永定门外学区,北京市东城区定安里小学,景泰西里,1982,166,6
东城,天坛、永定门外学区,北京市东城区定安里小学,安乐林二条,1987,430,5
东城,天坛、永定门外学区,北京市东城区定安里小学,景泰嘉园,2001,370,2
东城,天坛、永定门外学区,北京市东城区定安里小学,新奥洋房,2005,220,10
东城,天坛、永定门外学区,北京市东城区定安里小学,鼎盛园,2005,447,2
东城,天坛、永定门外学区,北京市东城区定安里小学,安乐林头条2号院,1989,476,2
东城,天坛、永定门外学区,北京市东城区革新里小学,望陶园小区,1998,301,5
东城,天坛、永定门外学区,北京市东城区革新里小学,中海紫御公馆,2010,805,7
东城,天坛、永定门外学区,北京市东城区革新里小学,建予园,1999,141,6
东城,天坛、永定门外学区,北京市东城区革新里小学,西革新里112号院,2001,831,3
东城,天坛、永定门外学区,北京市东城区革新里小学,永合馨苑,2001,87,1
东城,天坛、永定门外学区,北京市东城区革新里小学,悠胜美苑,2000,413,7
东城,天坛、永定门外学区,北京市东城区革新里小学,西革新里110号院,1992,662,5
东城,天坛、永定门外学区,北京市东城区革新里小学,西革新里108号院,1985,612,4
东城,天坛、永定门外学区,北京市东城区革新里小学,车站路6号院,1980,1501,4
东城,天坛、永定门外学区,北京市东城区革新里小学,东革新里40号院,1979,235,6
东城,天坛、永定门外学区,北京市东城区革新里小学,西革新里124号,1983,474,1
东城,天坛、永定门外学区,北京市东城区精忠街小学,金鱼池西区,2000,377,18
东城,天坛、永定门外学区,北京市东城区精忠街小学,金鱼池中区,1978,565,19
东城,天坛、永定门外学区,北京市东城区精忠街小学,前门前,1999,621,3
东城,天坛、永定门外学区,北京市东城区精忠街小学,西草市东街甲34号院,1977,196,8
东城,天坛、永定门外学区,北京市东城区景泰小学,郭庄北里,1980,247,9
东城,天坛、永定门外学区,北京市东城区天坛东里小学,天坛东里中区,1970,172,14
东城,天坛、永定门外学区,北京市东城区天坛南里小学,永定门东街西里,1970,150,9

